model,attribute,gold,token_count
qwen2.5-7b,temperature,10,2
qwen2.5-7b,temperature,11,2
qwen2.5-7b,temperature,12,2
qwen2.5-7b,temperature,13,2
qwen2.5-7b,temperature,14,2
qwen2.5-7b,temperature,15,2
qwen2.5-7b,temperature,16,2
qwen2.5-7b,temperature,17,2
qwen2.5-7b,temperature,18,2
qwen2.5-7b,temperature,19,2
qwen2.5-7b,temperature,20,2
qwen2.5-7b,temperature,21,2
qwen2.5-7b,temperature,22,2
qwen2.5-7b,temperature,23,2
qwen2.5-7b,temperature,24,2
qwen2.5-7b,temperature,25,2
qwen2.5-7b,temperature,26,2
qwen2.5-7b,temperature,27,2
qwen2.5-7b,temperature,28,2
qwen2.5-7b,temperature,29,2
qwen2.5-7b,temperature,30,2
qwen2.5-7b,temperature,31,2
qwen2.5-7b,temperature,32,2
qwen2.5-7b,temperature,33,2
qwen2.5-7b,temperature,34,2
qwen2.5-7b,temperature,35,2
qwen2.5-7b,temperature,36,2
qwen2.5-7b,temperature,37,2
qwen2.5-7b,temperature,38,2
qwen2.5-7b,temperature,39,2
qwen2.5-7b,temperature,40,2
qwen2.5-7b,temperature,41,2
qwen2.5-7b,temperature,42,2
qwen2.5-7b,temperature,43,2
qwen2.5-7b,temperature,44,2
qwen2.5-7b,temperature,45,2
qwen2.5-7b,temperature,46,2
qwen2.5-7b,temperature,47,2
qwen2.5-7b,temperature,48,2
qwen2.5-7b,temperature,49,2
qwen2.5-7b,temperature,50,2
qwen2.5-7b,temperature,51,2
qwen2.5-7b,temperature,52,2
qwen2.5-7b,temperature,53,2
qwen2.5-7b,temperature,54,2
qwen2.5-7b,temperature,55,2
qwen2.5-7b,temperature,56,2
qwen2.5-7b,temperature,57,2
qwen2.5-7b,temperature,58,2
qwen2.5-7b,temperature,59,2
qwen2.5-7b,temperature,60,2
qwen2.5-7b,temperature,61,2
qwen2.5-7b,temperature,62,2
qwen2.5-7b,temperature,63,2
qwen2.5-7b,temperature,64,2
qwen2.5-7b,temperature,65,2
qwen2.5-7b,temperature,66,2
qwen2.5-7b,temperature,67,2
qwen2.5-7b,temperature,68,2
qwen2.5-7b,temperature,69,2
qwen2.5-7b,temperature,70,2
qwen2.5-7b,temperature,71,2
qwen2.5-7b,temperature,72,2
qwen2.5-7b,temperature,73,2
qwen2.5-7b,temperature,74,2
qwen2.5-7b,temperature,75,2
qwen2.5-7b,temperature,76,2
qwen2.5-7b,temperature,77,2
qwen2.5-7b,temperature,78,2
qwen2.5-7b,temperature,79,2
qwen2.5-7b,temperature,80,2
qwen2.5-7b,temperature,81,2
qwen2.5-7b,temperature,82,2
qwen2.5-7b,temperature,83,2
qwen2.5-7b,temperature,84,2
qwen2.5-7b,temperature,85,2
qwen2.5-7b,temperature,86,2
qwen2.5-7b,temperature,87,2
qwen2.5-7b,temperature,88,2
qwen2.5-7b,temperature,89,2
qwen2.5-7b,temperature,90,2
qwen2.5-7b,temperature,91,2
qwen2.5-7b,temperature,92,2
qwen2.5-7b,temperature,93,2
qwen2.5-7b,temperature,94,2
qwen2.5-7b,temperature,95,2
qwen2.5-7b,temperature,96,2
qwen2.5-7b,temperature,97,2
qwen2.5-7b,temperature,98,2
qwen2.5-7b,temperature,99,2
qwen2.5-7b,temperature,100,3
qwen2.5-7b,temperature,101,3
qwen2.5-7b,temperature,102,3
qwen2.5-7b,temperature,103,3
qwen2.5-7b,temperature,104,3
qwen2.5-7b,temperature,105,3
qwen2.5-7b,temperature,106,3
qwen2.5-7b,temperature,107,3
qwen2.5-7b,temperature,108,3
qwen2.5-7b,temperature,109,3
qwen2.5-7b,temperature,110,3
qwen2.5-7b,temperature,111,3
qwen2.5-7b,temperature,112,3
qwen2.5-7b,temperature,113,3
qwen2.5-7b,temperature,114,3
qwen2.5-7b,temperature,115,3
qwen2.5-7b,temperature,116,3
qwen2.5-7b,temperature,117,3
qwen2.5-7b,temperature,118,3
qwen2.5-7b,temperature,119,3
qwen2.5-7b,temperature,120,3
qwen2.5-7b,temperature,121,3
qwen2.5-7b,temperature,122,3
qwen2.5-7b,temperature,123,3
qwen2.5-7b,temperature,124,3
qwen2.5-7b,temperature,125,3
qwen2.5-7b,temperature,126,3
qwen2.5-7b,temperature,127,3
qwen2.5-7b,temperature,128,3
qwen2.5-7b,temperature,129,3
qwen2.5-7b,temperature,130,3
qwen2.5-7b,temperature,131,3
qwen2.5-7b,temperature,132,3
qwen2.5-7b,temperature,133,3
qwen2.5-7b,temperature,134,3
qwen2.5-7b,temperature,135,3
qwen2.5-7b,temperature,136,3
qwen2.5-7b,temperature,137,3
qwen2.5-7b,temperature,138,3
qwen2.5-7b,temperature,139,3
qwen2.5-7b,temperature,140,3
qwen2.5-7b,temperature,141,3
qwen2.5-7b,temperature,142,3
qwen2.5-7b,temperature,143,3
qwen2.5-7b,temperature,144,3
qwen2.5-7b,temperature,145,3
qwen2.5-7b,temperature,146,3
qwen2.5-7b,temperature,147,3
qwen2.5-7b,temperature,148,3
qwen2.5-7b,temperature,149,3
qwen2.5-7b,temperature,150,3
qwen2.5-7b,temperature,151,3
qwen2.5-7b,temperature,152,3
qwen2.5-7b,temperature,153,3
qwen2.5-7b,temperature,154,3
qwen2.5-7b,temperature,155,3
qwen2.5-7b,temperature,156,3
qwen2.5-7b,temperature,157,3
qwen2.5-7b,temperature,158,3
qwen2.5-7b,temperature,159,3
qwen2.5-7b,temperature,160,3
qwen2.5-7b,temperature,161,3
qwen2.5-7b,temperature,162,3
qwen2.5-7b,temperature,163,3
qwen2.5-7b,temperature,164,3
qwen2.5-7b,temperature,165,3
qwen2.5-7b,temperature,166,3
qwen2.5-7b,temperature,167,3
qwen2.5-7b,temperature,168,3
qwen2.5-7b,temperature,169,3
qwen2.5-7b,temperature,170,3
qwen2.5-7b,temperature,171,3
qwen2.5-7b,temperature,172,3
qwen2.5-7b,temperature,173,3
qwen2.5-7b,temperature,174,3
qwen2.5-7b,temperature,175,3
qwen2.5-7b,temperature,176,3
qwen2.5-7b,temperature,177,3
qwen2.5-7b,temperature,178,3
qwen2.5-7b,temperature,179,3
qwen2.5-7b,temperature,180,3
qwen2.5-7b,temperature,181,3
qwen2.5-7b,temperature,182,3
qwen2.5-7b,temperature,183,3
qwen2.5-7b,temperature,184,3
qwen2.5-7b,temperature,185,3
qwen2.5-7b,temperature,186,3
qwen2.5-7b,temperature,187,3
qwen2.5-7b,temperature,188,3
qwen2.5-7b,temperature,189,3
qwen2.5-7b,temperature,190,3
qwen2.5-7b,temperature,191,3
qwen2.5-7b,temperature,192,3
qwen2.5-7b,temperature,193,3
qwen2.5-7b,temperature,194,3
qwen2.5-7b,temperature,195,3
qwen2.5-7b,temperature,196,3
qwen2.5-7b,temperature,197,3
qwen2.5-7b,temperature,198,3
qwen2.5-7b,temperature,199,3
qwen2.5-7b,temperature,200,3
qwen2.5-7b,temperature,201,3
qwen2.5-7b,temperature,202,3
qwen2.5-7b,temperature,203,3
qwen2.5-7b,temperature,204,3
qwen2.5-7b,temperature,205,3
qwen2.5-7b,temperature,206,3
qwen2.5-7b,temperature,207,3
qwen2.5-7b,temperature,208,3
qwen2.5-7b,temperature,209,3
qwen2.5-7b,temperature,210,3
qwen2.5-7b,temperature,211,3
qwen2.5-7b,temperature,212,3
qwen2.5-7b,temperature,213,3
qwen2.5-7b,temperature,214,3
qwen2.5-7b,temperature,215,3
qwen2.5-7b,temperature,216,3
qwen2.5-7b,temperature,217,3
qwen2.5-7b,temperature,218,3
qwen2.5-7b,temperature,219,3
qwen2.5-7b,temperature,220,3
qwen2.5-7b,temperature,221,3
qwen2.5-7b,temperature,222,3
qwen2.5-7b,temperature,223,3
qwen2.5-7b,temperature,224,3
qwen2.5-7b,temperature,225,3
qwen2.5-7b,temperature,226,3
qwen2.5-7b,temperature,227,3
qwen2.5-7b,temperature,228,3
qwen2.5-7b,temperature,229,3
qwen2.5-7b,temperature,230,3
qwen2.5-7b,temperature,231,3
qwen2.5-7b,temperature,232,3
qwen2.5-7b,temperature,233,3
qwen2.5-7b,temperature,234,3
qwen2.5-7b,temperature,235,3
qwen2.5-7b,temperature,236,3
qwen2.5-7b,temperature,237,3
qwen2.5-7b,temperature,238,3
qwen2.5-7b,temperature,239,3
qwen2.5-7b,temperature,240,3
qwen2.5-7b,temperature,241,3
qwen2.5-7b,temperature,242,3
qwen2.5-7b,temperature,243,3
qwen2.5-7b,temperature,244,3
qwen2.5-7b,temperature,245,3
qwen2.5-7b,temperature,246,3
qwen2.5-7b,temperature,247,3
qwen2.5-7b,temperature,248,3
qwen2.5-7b,temperature,249,3
qwen2.5-7b,temperature,250,3
qwen2.5-7b,temperature,251,3
qwen2.5-7b,temperature,252,3
qwen2.5-7b,temperature,253,3
qwen2.5-7b,temperature,254,3
qwen2.5-7b,temperature,255,3
qwen2.5-7b,temperature,256,3
qwen2.5-7b,temperature,257,3
qwen2.5-7b,temperature,258,3
qwen2.5-7b,temperature,259,3
qwen2.5-7b,temperature,260,3
qwen2.5-7b,temperature,261,3
qwen2.5-7b,temperature,262,3
qwen2.5-7b,temperature,263,3
qwen2.5-7b,temperature,264,3
qwen2.5-7b,temperature,265,3
qwen2.5-7b,temperature,266,3
qwen2.5-7b,temperature,267,3
qwen2.5-7b,temperature,268,3
qwen2.5-7b,temperature,269,3
qwen2.5-7b,temperature,270,3
qwen2.5-7b,temperature,271,3
qwen2.5-7b,temperature,272,3
qwen2.5-7b,temperature,273,3
qwen2.5-7b,temperature,274,3
qwen2.5-7b,temperature,275,3
qwen2.5-7b,temperature,276,3
qwen2.5-7b,temperature,277,3
qwen2.5-7b,temperature,278,3
qwen2.5-7b,temperature,279,3
qwen2.5-7b,temperature,280,3
qwen2.5-7b,temperature,281,3
qwen2.5-7b,temperature,282,3
qwen2.5-7b,temperature,283,3
qwen2.5-7b,temperature,284,3
qwen2.5-7b,temperature,285,3
qwen2.5-7b,temperature,286,3
qwen2.5-7b,temperature,287,3
qwen2.5-7b,temperature,288,3
qwen2.5-7b,temperature,289,3
qwen2.5-7b,temperature,290,3
qwen2.5-7b,temperature,291,3
qwen2.5-7b,temperature,292,3
qwen2.5-7b,temperature,293,3
qwen2.5-7b,temperature,294,3
qwen2.5-7b,temperature,295,3
qwen2.5-7b,temperature,296,3
qwen2.5-7b,temperature,297,3
qwen2.5-7b,temperature,298,3
qwen2.5-7b,temperature,299,3
qwen2.5-7b,temperature,300,3
qwen2.5-7b,temperature,301,3
qwen2.5-7b,temperature,302,3
qwen2.5-7b,temperature,303,3
qwen2.5-7b,temperature,304,3
qwen2.5-7b,temperature,305,3
qwen2.5-7b,temperature,306,3
qwen2.5-7b,temperature,307,3
qwen2.5-7b,temperature,308,3
qwen2.5-7b,temperature,309,3
qwen2.5-7b,temperature,310,3
qwen2.5-7b,temperature,311,3
qwen2.5-7b,temperature,312,3
qwen2.5-7b,temperature,313,3
qwen2.5-7b,temperature,314,3
qwen2.5-7b,temperature,315,3
qwen2.5-7b,temperature,316,3
qwen2.5-7b,temperature,317,3
qwen2.5-7b,temperature,318,3
qwen2.5-7b,temperature,319,3
qwen2.5-7b,temperature,320,3
qwen2.5-7b,temperature,321,3
qwen2.5-7b,temperature,322,3
qwen2.5-7b,temperature,323,3
qwen2.5-7b,temperature,324,3
qwen2.5-7b,temperature,325,3
qwen2.5-7b,temperature,326,3
qwen2.5-7b,temperature,327,3
qwen2.5-7b,temperature,328,3
qwen2.5-7b,temperature,329,3
qwen2.5-7b,temperature,330,3
qwen2.5-7b,temperature,331,3
qwen2.5-7b,temperature,332,3
qwen2.5-7b,temperature,333,3
qwen2.5-7b,temperature,334,3
qwen2.5-7b,temperature,335,3
qwen2.5-7b,temperature,336,3
qwen2.5-7b,temperature,337,3
qwen2.5-7b,temperature,338,3
qwen2.5-7b,temperature,339,3
qwen2.5-7b,temperature,340,3
qwen2.5-7b,temperature,341,3
qwen2.5-7b,temperature,342,3
qwen2.5-7b,temperature,343,3
qwen2.5-7b,temperature,344,3
qwen2.5-7b,temperature,345,3
qwen2.5-7b,temperature,346,3
qwen2.5-7b,temperature,347,3
qwen2.5-7b,temperature,348,3
qwen2.5-7b,temperature,349,3
qwen2.5-7b,temperature,350,3
qwen2.5-7b,temperature,351,3
qwen2.5-7b,temperature,352,3
qwen2.5-7b,temperature,353,3
qwen2.5-7b,temperature,354,3
qwen2.5-7b,temperature,355,3
qwen2.5-7b,temperature,356,3
qwen2.5-7b,temperature,357,3
qwen2.5-7b,temperature,358,3
qwen2.5-7b,temperature,359,3
qwen2.5-7b,temperature,360,3
qwen2.5-7b,temperature,361,3
qwen2.5-7b,temperature,362,3
qwen2.5-7b,temperature,363,3
qwen2.5-7b,temperature,364,3
qwen2.5-7b,temperature,365,3
qwen2.5-7b,temperature,366,3
qwen2.5-7b,temperature,367,3
qwen2.5-7b,temperature,368,3
qwen2.5-7b,temperature,369,3
qwen2.5-7b,temperature,370,3
qwen2.5-7b,temperature,371,3
qwen2.5-7b,temperature,372,3
qwen2.5-7b,temperature,373,3
qwen2.5-7b,temperature,374,3
qwen2.5-7b,temperature,375,3
qwen2.5-7b,temperature,376,3
qwen2.5-7b,temperature,377,3
qwen2.5-7b,temperature,378,3
qwen2.5-7b,temperature,379,3
qwen2.5-7b,temperature,380,3
qwen2.5-7b,temperature,381,3
qwen2.5-7b,temperature,382,3
qwen2.5-7b,temperature,383,3
qwen2.5-7b,temperature,384,3
qwen2.5-7b,temperature,385,3
qwen2.5-7b,temperature,386,3
qwen2.5-7b,temperature,387,3
qwen2.5-7b,temperature,388,3
qwen2.5-7b,temperature,389,3
qwen2.5-7b,temperature,390,3
qwen2.5-7b,temperature,391,3
qwen2.5-7b,temperature,392,3
qwen2.5-7b,temperature,393,3
qwen2.5-7b,temperature,394,3
qwen2.5-7b,temperature,395,3
qwen2.5-7b,temperature,396,3
qwen2.5-7b,temperature,397,3
qwen2.5-7b,temperature,398,3
qwen2.5-7b,temperature,399,3
qwen2.5-7b,temperature,400,3
qwen2.5-7b,temperature,401,3
qwen2.5-7b,temperature,402,3
qwen2.5-7b,temperature,403,3
qwen2.5-7b,temperature,404,3
qwen2.5-7b,temperature,405,3
qwen2.5-7b,temperature,406,3
qwen2.5-7b,temperature,407,3
qwen2.5-7b,temperature,408,3
qwen2.5-7b,temperature,409,3
qwen2.5-7b,temperature,410,3
qwen2.5-7b,temperature,411,3
qwen2.5-7b,temperature,412,3
qwen2.5-7b,temperature,413,3
qwen2.5-7b,temperature,414,3
qwen2.5-7b,temperature,415,3
qwen2.5-7b,temperature,416,3
qwen2.5-7b,temperature,417,3
qwen2.5-7b,temperature,418,3
qwen2.5-7b,temperature,419,3
qwen2.5-7b,temperature,420,3
qwen2.5-7b,temperature,421,3
qwen2.5-7b,temperature,422,3
qwen2.5-7b,temperature,423,3
qwen2.5-7b,temperature,424,3
qwen2.5-7b,temperature,425,3
qwen2.5-7b,temperature,426,3
qwen2.5-7b,temperature,427,3
qwen2.5-7b,temperature,428,3
qwen2.5-7b,temperature,429,3
qwen2.5-7b,temperature,430,3
qwen2.5-7b,temperature,431,3
qwen2.5-7b,temperature,432,3
qwen2.5-7b,temperature,433,3
qwen2.5-7b,temperature,434,3
qwen2.5-7b,temperature,435,3
qwen2.5-7b,temperature,436,3
qwen2.5-7b,temperature,437,3
qwen2.5-7b,temperature,438,3
qwen2.5-7b,temperature,439,3
qwen2.5-7b,temperature,440,3
qwen2.5-7b,temperature,441,3
qwen2.5-7b,temperature,442,3
qwen2.5-7b,temperature,443,3
qwen2.5-7b,temperature,444,3
qwen2.5-7b,temperature,445,3
qwen2.5-7b,temperature,446,3
qwen2.5-7b,temperature,447,3
qwen2.5-7b,temperature,448,3
qwen2.5-7b,temperature,449,3
qwen2.5-7b,temperature,450,3
qwen2.5-7b,temperature,451,3
qwen2.5-7b,temperature,452,3
qwen2.5-7b,temperature,453,3
qwen2.5-7b,temperature,454,3
qwen2.5-7b,temperature,455,3
qwen2.5-7b,temperature,456,3
qwen2.5-7b,temperature,457,3
qwen2.5-7b,temperature,458,3
qwen2.5-7b,temperature,459,3
qwen2.5-7b,temperature,460,3
qwen2.5-7b,temperature,461,3
qwen2.5-7b,temperature,462,3
qwen2.5-7b,temperature,463,3
qwen2.5-7b,temperature,464,3
qwen2.5-7b,temperature,465,3
qwen2.5-7b,temperature,466,3
qwen2.5-7b,temperature,467,3
qwen2.5-7b,temperature,468,3
qwen2.5-7b,temperature,469,3
qwen2.5-7b,temperature,470,3
qwen2.5-7b,temperature,471,3
qwen2.5-7b,temperature,472,3
qwen2.5-7b,temperature,473,3
qwen2.5-7b,temperature,474,3
qwen2.5-7b,temperature,475,3
qwen2.5-7b,temperature,476,3
qwen2.5-7b,temperature,477,3
qwen2.5-7b,temperature,478,3
qwen2.5-7b,temperature,479,3
qwen2.5-7b,temperature,480,3
qwen2.5-7b,temperature,481,3
qwen2.5-7b,temperature,482,3
qwen2.5-7b,temperature,483,3
qwen2.5-7b,temperature,484,3
qwen2.5-7b,temperature,485,3
qwen2.5-7b,temperature,486,3
qwen2.5-7b,temperature,487,3
qwen2.5-7b,temperature,488,3
qwen2.5-7b,temperature,489,3
qwen2.5-7b,temperature,490,3
qwen2.5-7b,temperature,491,3
qwen2.5-7b,temperature,492,3
qwen2.5-7b,temperature,493,3
qwen2.5-7b,temperature,494,3
qwen2.5-7b,temperature,495,3
qwen2.5-7b,temperature,496,3
qwen2.5-7b,temperature,497,3
qwen2.5-7b,temperature,498,3
qwen2.5-7b,temperature,499,3
qwen2.5-7b,temperature,500,3
qwen2.5-7b,temperature,501,3
qwen2.5-7b,temperature,502,3
qwen2.5-7b,temperature,503,3
qwen2.5-7b,temperature,504,3
qwen2.5-7b,temperature,505,3
qwen2.5-7b,temperature,506,3
qwen2.5-7b,temperature,507,3
qwen2.5-7b,temperature,508,3
qwen2.5-7b,temperature,509,3
qwen2.5-7b,temperature,510,3
qwen2.5-7b,temperature,511,3
qwen2.5-7b,temperature,512,3
qwen2.5-7b,temperature,513,3
qwen2.5-7b,temperature,514,3
qwen2.5-7b,temperature,515,3
qwen2.5-7b,temperature,516,3
qwen2.5-7b,temperature,517,3
qwen2.5-7b,temperature,518,3
qwen2.5-7b,temperature,519,3
qwen2.5-7b,temperature,520,3
qwen2.5-7b,temperature,521,3
qwen2.5-7b,temperature,522,3
qwen2.5-7b,temperature,523,3
qwen2.5-7b,temperature,524,3
qwen2.5-7b,temperature,525,3
qwen2.5-7b,temperature,526,3
qwen2.5-7b,temperature,527,3
qwen2.5-7b,temperature,528,3
qwen2.5-7b,temperature,529,3
qwen2.5-7b,temperature,530,3
qwen2.5-7b,temperature,531,3
qwen2.5-7b,temperature,532,3
qwen2.5-7b,temperature,533,3
qwen2.5-7b,temperature,534,3
qwen2.5-7b,temperature,535,3
qwen2.5-7b,temperature,536,3
qwen2.5-7b,temperature,537,3
qwen2.5-7b,temperature,538,3
qwen2.5-7b,temperature,539,3
qwen2.5-7b,temperature,540,3
qwen2.5-7b,temperature,541,3
qwen2.5-7b,temperature,542,3
qwen2.5-7b,temperature,543,3
qwen2.5-7b,temperature,544,3
qwen2.5-7b,temperature,545,3
qwen2.5-7b,temperature,546,3
qwen2.5-7b,temperature,547,3
qwen2.5-7b,temperature,548,3
qwen2.5-7b,temperature,549,3
qwen2.5-7b,temperature,550,3
qwen2.5-7b,temperature,551,3
qwen2.5-7b,temperature,552,3
qwen2.5-7b,temperature,553,3
qwen2.5-7b,temperature,554,3
qwen2.5-7b,temperature,555,3
qwen2.5-7b,temperature,556,3
qwen2.5-7b,temperature,557,3
qwen2.5-7b,temperature,558,3
qwen2.5-7b,temperature,559,3
qwen2.5-7b,temperature,560,3
qwen2.5-7b,temperature,561,3
qwen2.5-7b,temperature,562,3
qwen2.5-7b,temperature,563,3
qwen2.5-7b,temperature,564,3
qwen2.5-7b,temperature,565,3
qwen2.5-7b,temperature,566,3
qwen2.5-7b,temperature,567,3
qwen2.5-7b,temperature,568,3
qwen2.5-7b,temperature,569,3
qwen2.5-7b,temperature,570,3
qwen2.5-7b,temperature,571,3
qwen2.5-7b,temperature,572,3
qwen2.5-7b,temperature,573,3
qwen2.5-7b,temperature,574,3
qwen2.5-7b,temperature,575,3
qwen2.5-7b,temperature,576,3
qwen2.5-7b,temperature,577,3
qwen2.5-7b,temperature,578,3
qwen2.5-7b,temperature,579,3
qwen2.5-7b,temperature,580,3
qwen2.5-7b,temperature,581,3
qwen2.5-7b,temperature,582,3
qwen2.5-7b,temperature,583,3
qwen2.5-7b,temperature,584,3
qwen2.5-7b,temperature,585,3
qwen2.5-7b,temperature,586,3
qwen2.5-7b,temperature,587,3
qwen2.5-7b,temperature,588,3
qwen2.5-7b,temperature,589,3
qwen2.5-7b,temperature,590,3
qwen2.5-7b,temperature,591,3
qwen2.5-7b,temperature,592,3
qwen2.5-7b,temperature,593,3
qwen2.5-7b,temperature,594,3
qwen2.5-7b,temperature,595,3
qwen2.5-7b,temperature,596,3
qwen2.5-7b,temperature,597,3
qwen2.5-7b,temperature,598,3
qwen2.5-7b,temperature,599,3
qwen2.5-7b,temperature,600,3
qwen2.5-7b,temperature,601,3
qwen2.5-7b,temperature,602,3
qwen2.5-7b,temperature,603,3
qwen2.5-7b,temperature,604,3
qwen2.5-7b,temperature,605,3
qwen2.5-7b,temperature,606,3
qwen2.5-7b,temperature,607,3
qwen2.5-7b,temperature,608,3
qwen2.5-7b,temperature,609,3
qwen2.5-7b,temperature,610,3
qwen2.5-7b,temperature,611,3
qwen2.5-7b,temperature,612,3
qwen2.5-7b,temperature,613,3
qwen2.5-7b,temperature,614,3
qwen2.5-7b,temperature,615,3
qwen2.5-7b,temperature,616,3
qwen2.5-7b,temperature,617,3
qwen2.5-7b,temperature,618,3
qwen2.5-7b,temperature,619,3
qwen2.5-7b,temperature,620,3
qwen2.5-7b,temperature,621,3
qwen2.5-7b,temperature,622,3
qwen2.5-7b,temperature,623,3
qwen2.5-7b,temperature,624,3
qwen2.5-7b,temperature,625,3
qwen2.5-7b,temperature,626,3
qwen2.5-7b,temperature,627,3
qwen2.5-7b,temperature,628,3
qwen2.5-7b,temperature,629,3
qwen2.5-7b,temperature,630,3
qwen2.5-7b,temperature,631,3
qwen2.5-7b,temperature,632,3
qwen2.5-7b,temperature,633,3
qwen2.5-7b,temperature,634,3
qwen2.5-7b,temperature,635,3
qwen2.5-7b,temperature,636,3
qwen2.5-7b,temperature,637,3
qwen2.5-7b,temperature,638,3
qwen2.5-7b,temperature,639,3
qwen2.5-7b,temperature,640,3
qwen2.5-7b,temperature,641,3
qwen2.5-7b,temperature,642,3
qwen2.5-7b,temperature,643,3
qwen2.5-7b,temperature,644,3
qwen2.5-7b,temperature,645,3
qwen2.5-7b,temperature,646,3
qwen2.5-7b,temperature,647,3
qwen2.5-7b,temperature,648,3
qwen2.5-7b,temperature,649,3
qwen2.5-7b,temperature,650,3
qwen2.5-7b,temperature,651,3
qwen2.5-7b,temperature,652,3
qwen2.5-7b,temperature,653,3
qwen2.5-7b,temperature,654,3
qwen2.5-7b,temperature,655,3
qwen2.5-7b,temperature,656,3
qwen2.5-7b,temperature,657,3
qwen2.5-7b,temperature,658,3
qwen2.5-7b,temperature,659,3
qwen2.5-7b,temperature,660,3
qwen2.5-7b,temperature,661,3
qwen2.5-7b,temperature,662,3
qwen2.5-7b,temperature,663,3
qwen2.5-7b,temperature,664,3
qwen2.5-7b,temperature,665,3
qwen2.5-7b,temperature,666,3
qwen2.5-7b,temperature,667,3
qwen2.5-7b,temperature,668,3
qwen2.5-7b,temperature,669,3
qwen2.5-7b,temperature,670,3
qwen2.5-7b,temperature,671,3
qwen2.5-7b,temperature,672,3
qwen2.5-7b,temperature,673,3
qwen2.5-7b,temperature,674,3
qwen2.5-7b,temperature,675,3
qwen2.5-7b,temperature,676,3
qwen2.5-7b,temperature,677,3
qwen2.5-7b,temperature,678,3
qwen2.5-7b,temperature,679,3
qwen2.5-7b,temperature,680,3
qwen2.5-7b,temperature,681,3
qwen2.5-7b,temperature,682,3
qwen2.5-7b,temperature,683,3
qwen2.5-7b,temperature,684,3
qwen2.5-7b,temperature,685,3
qwen2.5-7b,temperature,686,3
qwen2.5-7b,temperature,687,3
qwen2.5-7b,temperature,688,3
qwen2.5-7b,temperature,689,3
qwen2.5-7b,temperature,690,3
qwen2.5-7b,temperature,691,3
qwen2.5-7b,temperature,692,3
qwen2.5-7b,temperature,693,3
qwen2.5-7b,temperature,694,3
qwen2.5-7b,temperature,695,3
qwen2.5-7b,temperature,696,3
qwen2.5-7b,temperature,697,3
qwen2.5-7b,temperature,698,3
qwen2.5-7b,temperature,699,3
qwen2.5-7b,temperature,700,3
qwen2.5-7b,temperature,701,3
qwen2.5-7b,temperature,702,3
qwen2.5-7b,temperature,703,3
qwen2.5-7b,temperature,704,3
qwen2.5-7b,temperature,705,3
qwen2.5-7b,temperature,706,3
qwen2.5-7b,temperature,707,3
qwen2.5-7b,temperature,708,3
qwen2.5-7b,temperature,709,3
qwen2.5-7b,temperature,710,3
qwen2.5-7b,temperature,711,3
qwen2.5-7b,temperature,712,3
qwen2.5-7b,temperature,713,3
qwen2.5-7b,temperature,714,3
qwen2.5-7b,temperature,715,3
qwen2.5-7b,temperature,716,3
qwen2.5-7b,temperature,717,3
qwen2.5-7b,temperature,718,3
qwen2.5-7b,temperature,719,3
qwen2.5-7b,temperature,720,3
qwen2.5-7b,temperature,721,3
qwen2.5-7b,temperature,722,3
qwen2.5-7b,temperature,723,3
qwen2.5-7b,temperature,724,3
qwen2.5-7b,temperature,725,3
qwen2.5-7b,temperature,726,3
qwen2.5-7b,temperature,727,3
qwen2.5-7b,temperature,728,3
qwen2.5-7b,temperature,729,3
qwen2.5-7b,temperature,730,3
qwen2.5-7b,temperature,731,3
qwen2.5-7b,temperature,732,3
qwen2.5-7b,temperature,733,3
qwen2.5-7b,temperature,734,3
qwen2.5-7b,temperature,735,3
qwen2.5-7b,temperature,736,3
qwen2.5-7b,temperature,737,3
qwen2.5-7b,temperature,738,3
qwen2.5-7b,temperature,739,3
qwen2.5-7b,temperature,740,3
qwen2.5-7b,temperature,741,3
qwen2.5-7b,temperature,742,3
qwen2.5-7b,temperature,743,3
qwen2.5-7b,temperature,744,3
qwen2.5-7b,temperature,745,3
qwen2.5-7b,temperature,746,3
qwen2.5-7b,temperature,747,3
qwen2.5-7b,temperature,748,3
qwen2.5-7b,temperature,749,3
qwen2.5-7b,temperature,750,3
qwen2.5-7b,temperature,751,3
qwen2.5-7b,temperature,752,3
qwen2.5-7b,temperature,753,3
qwen2.5-7b,temperature,754,3
qwen2.5-7b,temperature,755,3
qwen2.5-7b,temperature,756,3
qwen2.5-7b,temperature,757,3
qwen2.5-7b,temperature,758,3
qwen2.5-7b,temperature,759,3
qwen2.5-7b,temperature,760,3
qwen2.5-7b,temperature,761,3
qwen2.5-7b,temperature,762,3
qwen2.5-7b,temperature,763,3
qwen2.5-7b,temperature,764,3
qwen2.5-7b,temperature,765,3
qwen2.5-7b,temperature,766,3
qwen2.5-7b,temperature,767,3
qwen2.5-7b,temperature,768,3
qwen2.5-7b,temperature,769,3
qwen2.5-7b,temperature,770,3
qwen2.5-7b,temperature,771,3
qwen2.5-7b,temperature,772,3
qwen2.5-7b,temperature,773,3
qwen2.5-7b,temperature,774,3
qwen2.5-7b,temperature,775,3
qwen2.5-7b,temperature,776,3
qwen2.5-7b,temperature,777,3
qwen2.5-7b,temperature,778,3
qwen2.5-7b,temperature,779,3
qwen2.5-7b,temperature,780,3
qwen2.5-7b,temperature,781,3
qwen2.5-7b,temperature,782,3
qwen2.5-7b,temperature,783,3
qwen2.5-7b,temperature,784,3
qwen2.5-7b,temperature,785,3
qwen2.5-7b,temperature,786,3
qwen2.5-7b,temperature,787,3
qwen2.5-7b,temperature,788,3
qwen2.5-7b,temperature,789,3
qwen2.5-7b,temperature,790,3
qwen2.5-7b,temperature,791,3
qwen2.5-7b,temperature,792,3
qwen2.5-7b,temperature,793,3
qwen2.5-7b,temperature,794,3
qwen2.5-7b,temperature,795,3
qwen2.5-7b,temperature,796,3
qwen2.5-7b,temperature,797,3
qwen2.5-7b,temperature,798,3
qwen2.5-7b,temperature,799,3
qwen2.5-7b,temperature,800,3
qwen2.5-7b,temperature,801,3
qwen2.5-7b,temperature,802,3
qwen2.5-7b,temperature,803,3
qwen2.5-7b,temperature,804,3
qwen2.5-7b,temperature,805,3
qwen2.5-7b,temperature,806,3
qwen2.5-7b,temperature,807,3
qwen2.5-7b,temperature,808,3
qwen2.5-7b,temperature,809,3
qwen2.5-7b,temperature,810,3
qwen2.5-7b,temperature,811,3
qwen2.5-7b,temperature,812,3
qwen2.5-7b,temperature,813,3
qwen2.5-7b,temperature,814,3
qwen2.5-7b,temperature,815,3
qwen2.5-7b,temperature,816,3
qwen2.5-7b,temperature,817,3
qwen2.5-7b,temperature,818,3
qwen2.5-7b,temperature,819,3
qwen2.5-7b,temperature,820,3
qwen2.5-7b,temperature,821,3
qwen2.5-7b,temperature,822,3
qwen2.5-7b,temperature,823,3
qwen2.5-7b,temperature,824,3
qwen2.5-7b,temperature,825,3
qwen2.5-7b,temperature,826,3
qwen2.5-7b,temperature,827,3
qwen2.5-7b,temperature,828,3
qwen2.5-7b,temperature,829,3
qwen2.5-7b,temperature,830,3
qwen2.5-7b,temperature,831,3
qwen2.5-7b,temperature,832,3
qwen2.5-7b,temperature,833,3
qwen2.5-7b,temperature,834,3
qwen2.5-7b,temperature,835,3
qwen2.5-7b,temperature,836,3
qwen2.5-7b,temperature,837,3
qwen2.5-7b,temperature,838,3
qwen2.5-7b,temperature,839,3
qwen2.5-7b,temperature,840,3
qwen2.5-7b,temperature,841,3
qwen2.5-7b,temperature,842,3
qwen2.5-7b,temperature,843,3
qwen2.5-7b,temperature,844,3
qwen2.5-7b,temperature,845,3
qwen2.5-7b,temperature,846,3
qwen2.5-7b,temperature,847,3
qwen2.5-7b,temperature,848,3
qwen2.5-7b,temperature,849,3
qwen2.5-7b,temperature,850,3
qwen2.5-7b,temperature,851,3
qwen2.5-7b,temperature,852,3
qwen2.5-7b,temperature,853,3
qwen2.5-7b,temperature,854,3
qwen2.5-7b,temperature,855,3
qwen2.5-7b,temperature,856,3
qwen2.5-7b,temperature,857,3
qwen2.5-7b,temperature,858,3
qwen2.5-7b,temperature,859,3
qwen2.5-7b,temperature,860,3
qwen2.5-7b,temperature,861,3
qwen2.5-7b,temperature,862,3
qwen2.5-7b,temperature,863,3
qwen2.5-7b,temperature,864,3
qwen2.5-7b,temperature,865,3
qwen2.5-7b,temperature,866,3
qwen2.5-7b,temperature,867,3
qwen2.5-7b,temperature,868,3
qwen2.5-7b,temperature,869,3
qwen2.5-7b,temperature,870,3
qwen2.5-7b,temperature,871,3
qwen2.5-7b,temperature,872,3
qwen2.5-7b,temperature,873,3
qwen2.5-7b,temperature,874,3
qwen2.5-7b,temperature,875,3
qwen2.5-7b,temperature,876,3
qwen2.5-7b,temperature,877,3
qwen2.5-7b,temperature,878,3
qwen2.5-7b,temperature,879,3
qwen2.5-7b,temperature,880,3
qwen2.5-7b,temperature,881,3
qwen2.5-7b,temperature,882,3
qwen2.5-7b,temperature,883,3
qwen2.5-7b,temperature,884,3
qwen2.5-7b,temperature,885,3
qwen2.5-7b,temperature,886,3
qwen2.5-7b,temperature,887,3
qwen2.5-7b,temperature,888,3
qwen2.5-7b,temperature,889,3
qwen2.5-7b,temperature,890,3
qwen2.5-7b,temperature,891,3
qwen2.5-7b,temperature,892,3
qwen2.5-7b,temperature,893,3
qwen2.5-7b,temperature,894,3
qwen2.5-7b,temperature,895,3
qwen2.5-7b,temperature,896,3
qwen2.5-7b,temperature,897,3
qwen2.5-7b,temperature,898,3
qwen2.5-7b,temperature,899,3
qwen2.5-7b,temperature,900,3
qwen2.5-7b,temperature,901,3
qwen2.5-7b,temperature,902,3
qwen2.5-7b,temperature,903,3
qwen2.5-7b,temperature,904,3
qwen2.5-7b,temperature,905,3
qwen2.5-7b,temperature,906,3
qwen2.5-7b,temperature,907,3
qwen2.5-7b,temperature,908,3
qwen2.5-7b,temperature,909,3
qwen2.5-7b,temperature,910,3
qwen2.5-7b,temperature,911,3
qwen2.5-7b,temperature,912,3
qwen2.5-7b,temperature,913,3
qwen2.5-7b,temperature,914,3
qwen2.5-7b,temperature,915,3
qwen2.5-7b,temperature,916,3
qwen2.5-7b,temperature,917,3
qwen2.5-7b,temperature,918,3
qwen2.5-7b,temperature,919,3
qwen2.5-7b,temperature,920,3
qwen2.5-7b,temperature,921,3
qwen2.5-7b,temperature,922,3
qwen2.5-7b,temperature,923,3
qwen2.5-7b,temperature,924,3
qwen2.5-7b,temperature,925,3
qwen2.5-7b,temperature,926,3
qwen2.5-7b,temperature,927,3
qwen2.5-7b,temperature,928,3
qwen2.5-7b,temperature,929,3
qwen2.5-7b,temperature,930,3
qwen2.5-7b,temperature,931,3
qwen2.5-7b,temperature,932,3
qwen2.5-7b,temperature,933,3
qwen2.5-7b,temperature,934,3
qwen2.5-7b,temperature,935,3
qwen2.5-7b,temperature,936,3
qwen2.5-7b,temperature,937,3
qwen2.5-7b,temperature,938,3
qwen2.5-7b,temperature,939,3
qwen2.5-7b,temperature,940,3
qwen2.5-7b,temperature,941,3
qwen2.5-7b,temperature,942,3
qwen2.5-7b,temperature,943,3
qwen2.5-7b,temperature,944,3
qwen2.5-7b,temperature,945,3
qwen2.5-7b,temperature,946,3
qwen2.5-7b,temperature,947,3
qwen2.5-7b,temperature,948,3
qwen2.5-7b,temperature,949,3
qwen2.5-7b,temperature,950,3
qwen2.5-7b,temperature,951,3
qwen2.5-7b,temperature,952,3
qwen2.5-7b,temperature,953,3
qwen2.5-7b,temperature,954,3
qwen2.5-7b,temperature,955,3
qwen2.5-7b,temperature,956,3
qwen2.5-7b,temperature,957,3
qwen2.5-7b,temperature,958,3
qwen2.5-7b,temperature,959,3
qwen2.5-7b,temperature,960,3
qwen2.5-7b,temperature,961,3
qwen2.5-7b,temperature,962,3
qwen2.5-7b,temperature,963,3
qwen2.5-7b,temperature,964,3
qwen2.5-7b,temperature,965,3
qwen2.5-7b,temperature,966,3
qwen2.5-7b,temperature,967,3
qwen2.5-7b,temperature,968,3
qwen2.5-7b,temperature,969,3
qwen2.5-7b,temperature,970,3
qwen2.5-7b,temperature,971,3
qwen2.5-7b,temperature,972,3
qwen2.5-7b,temperature,973,3
qwen2.5-7b,temperature,974,3
qwen2.5-7b,temperature,975,3
qwen2.5-7b,temperature,976,3
qwen2.5-7b,temperature,977,3
qwen2.5-7b,temperature,978,3
qwen2.5-7b,temperature,979,3
qwen2.5-7b,temperature,980,3
qwen2.5-7b,temperature,981,3
qwen2.5-7b,temperature,982,3
qwen2.5-7b,temperature,983,3
qwen2.5-7b,temperature,984,3
qwen2.5-7b,temperature,985,3
qwen2.5-7b,temperature,986,3
qwen2.5-7b,temperature,987,3
qwen2.5-7b,temperature,988,3
qwen2.5-7b,temperature,989,3
qwen2.5-7b,temperature,990,3
qwen2.5-7b,temperature,991,3
qwen2.5-7b,temperature,992,3
qwen2.5-7b,temperature,993,3
qwen2.5-7b,temperature,994,3
qwen2.5-7b,temperature,995,3
qwen2.5-7b,temperature,996,3
qwen2.5-7b,temperature,997,3
qwen2.5-7b,temperature,998,3
qwen2.5-7b,stock_price,5,1
qwen2.5-7b,stock_price,6,1
qwen2.5-7b,stock_price,7,1
qwen2.5-7b,stock_price,8,1
qwen2.5-7b,stock_price,9,1
qwen2.5-7b,stock_price,10,2
qwen2.5-7b,stock_price,11,2
qwen2.5-7b,stock_price,12,2
qwen2.5-7b,stock_price,13,2
qwen2.5-7b,stock_price,14,2
qwen2.5-7b,stock_price,15,2
qwen2.5-7b,stock_price,16,2
qwen2.5-7b,stock_price,17,2
qwen2.5-7b,stock_price,18,2
qwen2.5-7b,stock_price,19,2
qwen2.5-7b,stock_price,20,2
qwen2.5-7b,stock_price,21,2
qwen2.5-7b,stock_price,22,2
qwen2.5-7b,stock_price,23,2
qwen2.5-7b,stock_price,24,2
qwen2.5-7b,stock_price,25,2
qwen2.5-7b,stock_price,26,2
qwen2.5-7b,stock_price,27,2
qwen2.5-7b,stock_price,28,2
qwen2.5-7b,stock_price,29,2
qwen2.5-7b,stock_price,30,2
qwen2.5-7b,stock_price,31,2
qwen2.5-7b,stock_price,32,2
qwen2.5-7b,stock_price,33,2
qwen2.5-7b,stock_price,34,2
qwen2.5-7b,stock_price,35,2
qwen2.5-7b,stock_price,36,2
qwen2.5-7b,stock_price,37,2
qwen2.5-7b,stock_price,38,2
qwen2.5-7b,stock_price,39,2
qwen2.5-7b,stock_price,40,2
qwen2.5-7b,stock_price,41,2
qwen2.5-7b,stock_price,42,2
qwen2.5-7b,stock_price,43,2
qwen2.5-7b,stock_price,44,2
qwen2.5-7b,stock_price,45,2
qwen2.5-7b,stock_price,46,2
qwen2.5-7b,stock_price,47,2
qwen2.5-7b,stock_price,48,2
qwen2.5-7b,stock_price,49,2
qwen2.5-7b,stock_price,50,2
qwen2.5-7b,stock_price,51,2
qwen2.5-7b,stock_price,52,2
qwen2.5-7b,stock_price,53,2
qwen2.5-7b,stock_price,54,2
qwen2.5-7b,stock_price,55,2
qwen2.5-7b,stock_price,56,2
qwen2.5-7b,stock_price,57,2
qwen2.5-7b,stock_price,58,2
qwen2.5-7b,stock_price,59,2
qwen2.5-7b,stock_price,60,2
qwen2.5-7b,stock_price,61,2
qwen2.5-7b,stock_price,62,2
qwen2.5-7b,stock_price,63,2
qwen2.5-7b,stock_price,64,2
qwen2.5-7b,stock_price,65,2
qwen2.5-7b,stock_price,66,2
qwen2.5-7b,stock_price,67,2
qwen2.5-7b,stock_price,68,2
qwen2.5-7b,stock_price,69,2
qwen2.5-7b,stock_price,70,2
qwen2.5-7b,stock_price,71,2
qwen2.5-7b,stock_price,72,2
qwen2.5-7b,stock_price,73,2
qwen2.5-7b,stock_price,74,2
qwen2.5-7b,stock_price,75,2
qwen2.5-7b,stock_price,76,2
qwen2.5-7b,stock_price,77,2
qwen2.5-7b,stock_price,78,2
qwen2.5-7b,stock_price,79,2
qwen2.5-7b,stock_price,80,2
qwen2.5-7b,stock_price,81,2
qwen2.5-7b,stock_price,82,2
qwen2.5-7b,stock_price,83,2
qwen2.5-7b,stock_price,84,2
qwen2.5-7b,stock_price,85,2
qwen2.5-7b,stock_price,86,2
qwen2.5-7b,stock_price,87,2
qwen2.5-7b,stock_price,88,2
qwen2.5-7b,stock_price,89,2
qwen2.5-7b,stock_price,90,2
qwen2.5-7b,stock_price,91,2
qwen2.5-7b,stock_price,92,2
qwen2.5-7b,stock_price,93,2
qwen2.5-7b,stock_price,94,2
qwen2.5-7b,stock_price,95,2
qwen2.5-7b,stock_price,96,2
qwen2.5-7b,stock_price,97,2
qwen2.5-7b,stock_price,98,2
qwen2.5-7b,stock_price,99,2
qwen2.5-7b,stock_price,100,3
qwen2.5-7b,stock_price,101,3
qwen2.5-7b,stock_price,102,3
qwen2.5-7b,stock_price,103,3
qwen2.5-7b,stock_price,104,3
qwen2.5-7b,stock_price,105,3
qwen2.5-7b,stock_price,106,3
qwen2.5-7b,stock_price,107,3
qwen2.5-7b,stock_price,108,3
qwen2.5-7b,stock_price,109,3
qwen2.5-7b,stock_price,110,3
qwen2.5-7b,stock_price,111,3
qwen2.5-7b,stock_price,112,3
qwen2.5-7b,stock_price,113,3
qwen2.5-7b,stock_price,114,3
qwen2.5-7b,stock_price,115,3
qwen2.5-7b,stock_price,116,3
qwen2.5-7b,stock_price,117,3
qwen2.5-7b,stock_price,118,3
qwen2.5-7b,stock_price,119,3
qwen2.5-7b,stock_price,120,3
qwen2.5-7b,stock_price,121,3
qwen2.5-7b,stock_price,122,3
qwen2.5-7b,stock_price,123,3
qwen2.5-7b,stock_price,124,3
qwen2.5-7b,stock_price,125,3
qwen2.5-7b,stock_price,126,3
qwen2.5-7b,stock_price,127,3
qwen2.5-7b,stock_price,128,3
qwen2.5-7b,stock_price,129,3
qwen2.5-7b,stock_price,130,3
qwen2.5-7b,stock_price,131,3
qwen2.5-7b,stock_price,132,3
qwen2.5-7b,stock_price,133,3
qwen2.5-7b,stock_price,134,3
qwen2.5-7b,stock_price,135,3
qwen2.5-7b,stock_price,136,3
qwen2.5-7b,stock_price,137,3
qwen2.5-7b,stock_price,138,3
qwen2.5-7b,stock_price,139,3
qwen2.5-7b,stock_price,140,3
qwen2.5-7b,stock_price,141,3
qwen2.5-7b,stock_price,142,3
qwen2.5-7b,stock_price,143,3
qwen2.5-7b,stock_price,144,3
qwen2.5-7b,stock_price,145,3
qwen2.5-7b,stock_price,146,3
qwen2.5-7b,stock_price,147,3
qwen2.5-7b,stock_price,148,3
qwen2.5-7b,stock_price,149,3
qwen2.5-7b,stock_price,150,3
qwen2.5-7b,stock_price,151,3
qwen2.5-7b,stock_price,152,3
qwen2.5-7b,stock_price,153,3
qwen2.5-7b,stock_price,154,3
qwen2.5-7b,stock_price,155,3
qwen2.5-7b,stock_price,156,3
qwen2.5-7b,stock_price,157,3
qwen2.5-7b,stock_price,158,3
qwen2.5-7b,stock_price,159,3
qwen2.5-7b,stock_price,160,3
qwen2.5-7b,stock_price,161,3
qwen2.5-7b,stock_price,162,3
qwen2.5-7b,stock_price,163,3
qwen2.5-7b,stock_price,164,3
qwen2.5-7b,stock_price,165,3
qwen2.5-7b,stock_price,166,3
qwen2.5-7b,stock_price,167,3
qwen2.5-7b,stock_price,168,3
qwen2.5-7b,stock_price,169,3
qwen2.5-7b,stock_price,170,3
qwen2.5-7b,stock_price,171,3
qwen2.5-7b,stock_price,172,3
qwen2.5-7b,stock_price,173,3
qwen2.5-7b,stock_price,174,3
qwen2.5-7b,stock_price,175,3
qwen2.5-7b,stock_price,176,3
qwen2.5-7b,stock_price,177,3
qwen2.5-7b,stock_price,178,3
qwen2.5-7b,stock_price,179,3
qwen2.5-7b,stock_price,180,3
qwen2.5-7b,stock_price,181,3
qwen2.5-7b,stock_price,182,3
qwen2.5-7b,stock_price,183,3
qwen2.5-7b,stock_price,184,3
qwen2.5-7b,stock_price,185,3
qwen2.5-7b,stock_price,186,3
qwen2.5-7b,stock_price,187,3
qwen2.5-7b,stock_price,188,3
qwen2.5-7b,stock_price,189,3
qwen2.5-7b,stock_price,190,3
qwen2.5-7b,stock_price,191,3
qwen2.5-7b,stock_price,192,3
qwen2.5-7b,stock_price,193,3
qwen2.5-7b,stock_price,194,3
qwen2.5-7b,stock_price,195,3
qwen2.5-7b,stock_price,196,3
qwen2.5-7b,stock_price,197,3
qwen2.5-7b,stock_price,198,3
qwen2.5-7b,stock_price,199,3
qwen2.5-7b,stock_price,200,3
qwen2.5-7b,stock_price,201,3
qwen2.5-7b,stock_price,202,3
qwen2.5-7b,stock_price,203,3
qwen2.5-7b,stock_price,204,3
qwen2.5-7b,stock_price,205,3
qwen2.5-7b,stock_price,206,3
qwen2.5-7b,stock_price,207,3
qwen2.5-7b,stock_price,208,3
qwen2.5-7b,stock_price,209,3
qwen2.5-7b,stock_price,210,3
qwen2.5-7b,stock_price,211,3
qwen2.5-7b,stock_price,212,3
qwen2.5-7b,stock_price,213,3
qwen2.5-7b,stock_price,214,3
qwen2.5-7b,stock_price,215,3
qwen2.5-7b,stock_price,216,3
qwen2.5-7b,stock_price,217,3
qwen2.5-7b,stock_price,218,3
qwen2.5-7b,stock_price,219,3
qwen2.5-7b,stock_price,220,3
qwen2.5-7b,stock_price,221,3
qwen2.5-7b,stock_price,222,3
qwen2.5-7b,stock_price,223,3
qwen2.5-7b,stock_price,224,3
qwen2.5-7b,stock_price,225,3
qwen2.5-7b,stock_price,226,3
qwen2.5-7b,stock_price,227,3
qwen2.5-7b,stock_price,228,3
qwen2.5-7b,stock_price,229,3
qwen2.5-7b,stock_price,230,3
qwen2.5-7b,stock_price,231,3
qwen2.5-7b,stock_price,232,3
qwen2.5-7b,stock_price,233,3
qwen2.5-7b,stock_price,234,3
qwen2.5-7b,stock_price,235,3
qwen2.5-7b,stock_price,236,3
qwen2.5-7b,stock_price,237,3
qwen2.5-7b,stock_price,238,3
qwen2.5-7b,stock_price,239,3
qwen2.5-7b,stock_price,240,3
qwen2.5-7b,stock_price,241,3
qwen2.5-7b,stock_price,242,3
qwen2.5-7b,stock_price,243,3
qwen2.5-7b,stock_price,244,3
qwen2.5-7b,stock_price,245,3
qwen2.5-7b,stock_price,246,3
qwen2.5-7b,stock_price,247,3
qwen2.5-7b,stock_price,248,3
qwen2.5-7b,stock_price,249,3
qwen2.5-7b,stock_price,250,3
qwen2.5-7b,stock_price,251,3
qwen2.5-7b,stock_price,252,3
qwen2.5-7b,stock_price,253,3
qwen2.5-7b,stock_price,254,3
qwen2.5-7b,stock_price,255,3
qwen2.5-7b,stock_price,256,3
qwen2.5-7b,stock_price,257,3
qwen2.5-7b,stock_price,258,3
qwen2.5-7b,stock_price,259,3
qwen2.5-7b,stock_price,260,3
qwen2.5-7b,stock_price,261,3
qwen2.5-7b,stock_price,262,3
qwen2.5-7b,stock_price,263,3
qwen2.5-7b,stock_price,264,3
qwen2.5-7b,stock_price,265,3
qwen2.5-7b,stock_price,266,3
qwen2.5-7b,stock_price,267,3
qwen2.5-7b,stock_price,268,3
qwen2.5-7b,stock_price,269,3
qwen2.5-7b,stock_price,270,3
qwen2.5-7b,stock_price,271,3
qwen2.5-7b,stock_price,272,3
qwen2.5-7b,stock_price,273,3
qwen2.5-7b,stock_price,274,3
qwen2.5-7b,stock_price,275,3
qwen2.5-7b,stock_price,276,3
qwen2.5-7b,stock_price,277,3
qwen2.5-7b,stock_price,278,3
qwen2.5-7b,stock_price,279,3
qwen2.5-7b,stock_price,280,3
qwen2.5-7b,stock_price,281,3
qwen2.5-7b,stock_price,282,3
qwen2.5-7b,stock_price,283,3
qwen2.5-7b,stock_price,284,3
qwen2.5-7b,stock_price,285,3
qwen2.5-7b,stock_price,286,3
qwen2.5-7b,stock_price,287,3
qwen2.5-7b,stock_price,288,3
qwen2.5-7b,stock_price,289,3
qwen2.5-7b,stock_price,290,3
qwen2.5-7b,stock_price,291,3
qwen2.5-7b,stock_price,292,3
qwen2.5-7b,stock_price,293,3
qwen2.5-7b,stock_price,294,3
qwen2.5-7b,stock_price,295,3
qwen2.5-7b,stock_price,296,3
qwen2.5-7b,stock_price,297,3
qwen2.5-7b,stock_price,298,3
qwen2.5-7b,stock_price,299,3
qwen2.5-7b,stock_price,300,3
qwen2.5-7b,stock_price,301,3
qwen2.5-7b,stock_price,302,3
qwen2.5-7b,stock_price,303,3
qwen2.5-7b,stock_price,304,3
qwen2.5-7b,stock_price,305,3
qwen2.5-7b,stock_price,306,3
qwen2.5-7b,stock_price,307,3
qwen2.5-7b,stock_price,308,3
qwen2.5-7b,stock_price,309,3
qwen2.5-7b,stock_price,310,3
qwen2.5-7b,stock_price,311,3
qwen2.5-7b,stock_price,312,3
qwen2.5-7b,stock_price,313,3
qwen2.5-7b,stock_price,314,3
qwen2.5-7b,stock_price,315,3
qwen2.5-7b,stock_price,316,3
qwen2.5-7b,stock_price,317,3
qwen2.5-7b,stock_price,318,3
qwen2.5-7b,stock_price,319,3
qwen2.5-7b,stock_price,320,3
qwen2.5-7b,stock_price,321,3
qwen2.5-7b,stock_price,322,3
qwen2.5-7b,stock_price,323,3
qwen2.5-7b,stock_price,324,3
qwen2.5-7b,stock_price,325,3
qwen2.5-7b,stock_price,326,3
qwen2.5-7b,stock_price,327,3
qwen2.5-7b,stock_price,328,3
qwen2.5-7b,stock_price,329,3
qwen2.5-7b,stock_price,330,3
qwen2.5-7b,stock_price,331,3
qwen2.5-7b,stock_price,332,3
qwen2.5-7b,stock_price,333,3
qwen2.5-7b,stock_price,334,3
qwen2.5-7b,stock_price,335,3
qwen2.5-7b,stock_price,336,3
qwen2.5-7b,stock_price,337,3
qwen2.5-7b,stock_price,338,3
qwen2.5-7b,stock_price,339,3
qwen2.5-7b,stock_price,340,3
qwen2.5-7b,stock_price,341,3
qwen2.5-7b,stock_price,342,3
qwen2.5-7b,stock_price,343,3
qwen2.5-7b,stock_price,344,3
qwen2.5-7b,stock_price,345,3
qwen2.5-7b,stock_price,346,3
qwen2.5-7b,stock_price,347,3
qwen2.5-7b,stock_price,348,3
qwen2.5-7b,stock_price,349,3
qwen2.5-7b,stock_price,350,3
qwen2.5-7b,stock_price,351,3
qwen2.5-7b,stock_price,352,3
qwen2.5-7b,stock_price,353,3
qwen2.5-7b,stock_price,354,3
qwen2.5-7b,stock_price,355,3
qwen2.5-7b,stock_price,356,3
qwen2.5-7b,stock_price,357,3
qwen2.5-7b,stock_price,358,3
qwen2.5-7b,stock_price,359,3
qwen2.5-7b,stock_price,360,3
qwen2.5-7b,stock_price,361,3
qwen2.5-7b,stock_price,362,3
qwen2.5-7b,stock_price,363,3
qwen2.5-7b,stock_price,364,3
qwen2.5-7b,stock_price,365,3
qwen2.5-7b,stock_price,366,3
qwen2.5-7b,stock_price,367,3
qwen2.5-7b,stock_price,368,3
qwen2.5-7b,stock_price,369,3
qwen2.5-7b,stock_price,370,3
qwen2.5-7b,stock_price,371,3
qwen2.5-7b,stock_price,372,3
qwen2.5-7b,stock_price,373,3
qwen2.5-7b,stock_price,374,3
qwen2.5-7b,stock_price,375,3
qwen2.5-7b,stock_price,376,3
qwen2.5-7b,stock_price,377,3
qwen2.5-7b,stock_price,378,3
qwen2.5-7b,stock_price,379,3
qwen2.5-7b,stock_price,380,3
qwen2.5-7b,stock_price,381,3
qwen2.5-7b,stock_price,382,3
qwen2.5-7b,stock_price,383,3
qwen2.5-7b,stock_price,384,3
qwen2.5-7b,stock_price,385,3
qwen2.5-7b,stock_price,386,3
qwen2.5-7b,stock_price,387,3
qwen2.5-7b,stock_price,388,3
qwen2.5-7b,stock_price,389,3
qwen2.5-7b,stock_price,390,3
qwen2.5-7b,stock_price,391,3
qwen2.5-7b,stock_price,392,3
qwen2.5-7b,stock_price,393,3
qwen2.5-7b,stock_price,394,3
qwen2.5-7b,stock_price,395,3
qwen2.5-7b,stock_price,396,3
qwen2.5-7b,stock_price,397,3
qwen2.5-7b,stock_price,398,3
qwen2.5-7b,stock_price,399,3
qwen2.5-7b,stock_price,400,3
qwen2.5-7b,stock_price,401,3
qwen2.5-7b,stock_price,402,3
qwen2.5-7b,stock_price,403,3
qwen2.5-7b,stock_price,404,3
qwen2.5-7b,stock_price,405,3
qwen2.5-7b,stock_price,406,3
qwen2.5-7b,stock_price,407,3
qwen2.5-7b,stock_price,408,3
qwen2.5-7b,stock_price,409,3
qwen2.5-7b,stock_price,410,3
qwen2.5-7b,stock_price,411,3
qwen2.5-7b,stock_price,412,3
qwen2.5-7b,stock_price,413,3
qwen2.5-7b,stock_price,414,3
qwen2.5-7b,stock_price,415,3
qwen2.5-7b,stock_price,416,3
qwen2.5-7b,stock_price,417,3
qwen2.5-7b,stock_price,418,3
qwen2.5-7b,stock_price,419,3
qwen2.5-7b,stock_price,420,3
qwen2.5-7b,stock_price,421,3
qwen2.5-7b,stock_price,422,3
qwen2.5-7b,stock_price,423,3
qwen2.5-7b,stock_price,424,3
qwen2.5-7b,stock_price,425,3
qwen2.5-7b,stock_price,426,3
qwen2.5-7b,stock_price,427,3
qwen2.5-7b,stock_price,428,3
qwen2.5-7b,stock_price,429,3
qwen2.5-7b,stock_price,430,3
qwen2.5-7b,stock_price,431,3
qwen2.5-7b,stock_price,432,3
qwen2.5-7b,stock_price,433,3
qwen2.5-7b,stock_price,434,3
qwen2.5-7b,stock_price,435,3
qwen2.5-7b,stock_price,436,3
qwen2.5-7b,stock_price,437,3
qwen2.5-7b,stock_price,438,3
qwen2.5-7b,stock_price,439,3
qwen2.5-7b,stock_price,440,3
qwen2.5-7b,stock_price,441,3
qwen2.5-7b,stock_price,442,3
qwen2.5-7b,stock_price,443,3
qwen2.5-7b,stock_price,444,3
qwen2.5-7b,stock_price,445,3
qwen2.5-7b,stock_price,446,3
qwen2.5-7b,stock_price,447,3
qwen2.5-7b,stock_price,448,3
qwen2.5-7b,stock_price,449,3
qwen2.5-7b,stock_price,450,3
qwen2.5-7b,stock_price,451,3
qwen2.5-7b,stock_price,452,3
qwen2.5-7b,stock_price,453,3
qwen2.5-7b,stock_price,454,3
qwen2.5-7b,stock_price,455,3
qwen2.5-7b,stock_price,456,3
qwen2.5-7b,stock_price,457,3
qwen2.5-7b,stock_price,458,3
qwen2.5-7b,stock_price,459,3
qwen2.5-7b,stock_price,460,3
qwen2.5-7b,stock_price,461,3
qwen2.5-7b,stock_price,462,3
qwen2.5-7b,stock_price,463,3
qwen2.5-7b,stock_price,464,3
qwen2.5-7b,stock_price,465,3
qwen2.5-7b,stock_price,466,3
qwen2.5-7b,stock_price,467,3
qwen2.5-7b,stock_price,468,3
qwen2.5-7b,stock_price,469,3
qwen2.5-7b,stock_price,470,3
qwen2.5-7b,stock_price,471,3
qwen2.5-7b,stock_price,472,3
qwen2.5-7b,stock_price,473,3
qwen2.5-7b,stock_price,474,3
qwen2.5-7b,stock_price,475,3
qwen2.5-7b,stock_price,476,3
qwen2.5-7b,stock_price,477,3
qwen2.5-7b,stock_price,478,3
qwen2.5-7b,stock_price,479,3
qwen2.5-7b,stock_price,480,3
qwen2.5-7b,stock_price,481,3
qwen2.5-7b,stock_price,482,3
qwen2.5-7b,stock_price,483,3
qwen2.5-7b,stock_price,484,3
qwen2.5-7b,stock_price,485,3
qwen2.5-7b,stock_price,486,3
qwen2.5-7b,stock_price,487,3
qwen2.5-7b,stock_price,488,3
qwen2.5-7b,stock_price,489,3
qwen2.5-7b,stock_price,490,3
qwen2.5-7b,stock_price,491,3
qwen2.5-7b,stock_price,492,3
qwen2.5-7b,stock_price,493,3
qwen2.5-7b,stock_price,494,3
qwen2.5-7b,stock_price,495,3
qwen2.5-7b,stock_price,496,3
qwen2.5-7b,stock_price,497,3
qwen2.5-7b,stock_price,498,3
qwen2.5-7b,stock_price,499,3
qwen2.5-7b,stock_price,500,3
qwen2.5-7b,stock_price,501,3
qwen2.5-7b,stock_price,502,3
qwen2.5-7b,stock_price,503,3
qwen2.5-7b,stock_price,504,3
qwen2.5-7b,stock_price,505,3
qwen2.5-7b,stock_price,506,3
qwen2.5-7b,stock_price,507,3
qwen2.5-7b,stock_price,508,3
qwen2.5-7b,stock_price,509,3
qwen2.5-7b,stock_price,510,3
qwen2.5-7b,stock_price,511,3
qwen2.5-7b,stock_price,512,3
qwen2.5-7b,stock_price,513,3
qwen2.5-7b,stock_price,514,3
qwen2.5-7b,stock_price,515,3
qwen2.5-7b,stock_price,516,3
qwen2.5-7b,stock_price,517,3
qwen2.5-7b,stock_price,518,3
qwen2.5-7b,stock_price,519,3
qwen2.5-7b,stock_price,520,3
qwen2.5-7b,stock_price,521,3
qwen2.5-7b,stock_price,522,3
qwen2.5-7b,stock_price,523,3
qwen2.5-7b,stock_price,524,3
qwen2.5-7b,stock_price,525,3
qwen2.5-7b,stock_price,526,3
qwen2.5-7b,stock_price,527,3
qwen2.5-7b,stock_price,528,3
qwen2.5-7b,stock_price,529,3
qwen2.5-7b,stock_price,530,3
qwen2.5-7b,stock_price,531,3
qwen2.5-7b,stock_price,532,3
qwen2.5-7b,stock_price,533,3
qwen2.5-7b,stock_price,534,3
qwen2.5-7b,stock_price,535,3
qwen2.5-7b,stock_price,536,3
qwen2.5-7b,stock_price,537,3
qwen2.5-7b,stock_price,538,3
qwen2.5-7b,stock_price,539,3
qwen2.5-7b,stock_price,540,3
qwen2.5-7b,stock_price,541,3
qwen2.5-7b,stock_price,542,3
qwen2.5-7b,stock_price,543,3
qwen2.5-7b,stock_price,544,3
qwen2.5-7b,stock_price,545,3
qwen2.5-7b,stock_price,546,3
qwen2.5-7b,stock_price,547,3
qwen2.5-7b,stock_price,548,3
qwen2.5-7b,stock_price,549,3
qwen2.5-7b,stock_price,550,3
qwen2.5-7b,stock_price,551,3
qwen2.5-7b,stock_price,552,3
qwen2.5-7b,stock_price,553,3
qwen2.5-7b,stock_price,554,3
qwen2.5-7b,stock_price,555,3
qwen2.5-7b,stock_price,556,3
qwen2.5-7b,stock_price,557,3
qwen2.5-7b,stock_price,558,3
qwen2.5-7b,stock_price,559,3
qwen2.5-7b,stock_price,560,3
qwen2.5-7b,stock_price,561,3
qwen2.5-7b,stock_price,562,3
qwen2.5-7b,stock_price,563,3
qwen2.5-7b,stock_price,564,3
qwen2.5-7b,stock_price,565,3
qwen2.5-7b,stock_price,566,3
qwen2.5-7b,stock_price,567,3
qwen2.5-7b,stock_price,568,3
qwen2.5-7b,stock_price,569,3
qwen2.5-7b,stock_price,570,3
qwen2.5-7b,stock_price,571,3
qwen2.5-7b,stock_price,572,3
qwen2.5-7b,stock_price,573,3
qwen2.5-7b,stock_price,574,3
qwen2.5-7b,stock_price,575,3
qwen2.5-7b,stock_price,576,3
qwen2.5-7b,stock_price,577,3
qwen2.5-7b,stock_price,578,3
qwen2.5-7b,stock_price,579,3
qwen2.5-7b,stock_price,580,3
qwen2.5-7b,stock_price,581,3
qwen2.5-7b,stock_price,582,3
qwen2.5-7b,stock_price,583,3
qwen2.5-7b,stock_price,584,3
qwen2.5-7b,stock_price,585,3
qwen2.5-7b,stock_price,586,3
qwen2.5-7b,stock_price,587,3
qwen2.5-7b,stock_price,588,3
qwen2.5-7b,stock_price,589,3
qwen2.5-7b,stock_price,590,3
qwen2.5-7b,stock_price,591,3
qwen2.5-7b,stock_price,592,3
qwen2.5-7b,stock_price,593,3
qwen2.5-7b,stock_price,594,3
qwen2.5-7b,stock_price,595,3
qwen2.5-7b,stock_price,596,3
qwen2.5-7b,stock_price,597,3
qwen2.5-7b,stock_price,598,3
qwen2.5-7b,stock_price,599,3
qwen2.5-7b,stock_price,600,3
qwen2.5-7b,stock_price,601,3
qwen2.5-7b,stock_price,602,3
qwen2.5-7b,stock_price,603,3
qwen2.5-7b,stock_price,604,3
qwen2.5-7b,stock_price,605,3
qwen2.5-7b,stock_price,606,3
qwen2.5-7b,stock_price,607,3
qwen2.5-7b,stock_price,608,3
qwen2.5-7b,stock_price,609,3
qwen2.5-7b,stock_price,610,3
qwen2.5-7b,stock_price,611,3
qwen2.5-7b,stock_price,612,3
qwen2.5-7b,stock_price,613,3
qwen2.5-7b,stock_price,614,3
qwen2.5-7b,stock_price,615,3
qwen2.5-7b,stock_price,616,3
qwen2.5-7b,stock_price,617,3
qwen2.5-7b,stock_price,618,3
qwen2.5-7b,stock_price,619,3
qwen2.5-7b,stock_price,620,3
qwen2.5-7b,stock_price,621,3
qwen2.5-7b,stock_price,622,3
qwen2.5-7b,stock_price,623,3
qwen2.5-7b,stock_price,624,3
qwen2.5-7b,stock_price,625,3
qwen2.5-7b,stock_price,626,3
qwen2.5-7b,stock_price,627,3
qwen2.5-7b,stock_price,628,3
qwen2.5-7b,stock_price,629,3
qwen2.5-7b,stock_price,630,3
qwen2.5-7b,stock_price,631,3
qwen2.5-7b,stock_price,632,3
qwen2.5-7b,stock_price,633,3
qwen2.5-7b,stock_price,634,3
qwen2.5-7b,stock_price,635,3
qwen2.5-7b,stock_price,636,3
qwen2.5-7b,stock_price,637,3
qwen2.5-7b,stock_price,638,3
qwen2.5-7b,stock_price,639,3
qwen2.5-7b,stock_price,640,3
qwen2.5-7b,stock_price,641,3
qwen2.5-7b,stock_price,642,3
qwen2.5-7b,stock_price,643,3
qwen2.5-7b,stock_price,644,3
qwen2.5-7b,stock_price,645,3
qwen2.5-7b,stock_price,646,3
qwen2.5-7b,stock_price,647,3
qwen2.5-7b,stock_price,648,3
qwen2.5-7b,stock_price,649,3
qwen2.5-7b,stock_price,650,3
qwen2.5-7b,stock_price,651,3
qwen2.5-7b,stock_price,652,3
qwen2.5-7b,stock_price,653,3
qwen2.5-7b,stock_price,654,3
qwen2.5-7b,stock_price,655,3
qwen2.5-7b,stock_price,656,3
qwen2.5-7b,stock_price,657,3
qwen2.5-7b,stock_price,658,3
qwen2.5-7b,stock_price,659,3
qwen2.5-7b,stock_price,660,3
qwen2.5-7b,stock_price,661,3
qwen2.5-7b,stock_price,662,3
qwen2.5-7b,stock_price,663,3
qwen2.5-7b,stock_price,664,3
qwen2.5-7b,stock_price,665,3
qwen2.5-7b,stock_price,666,3
qwen2.5-7b,stock_price,667,3
qwen2.5-7b,stock_price,668,3
qwen2.5-7b,stock_price,669,3
qwen2.5-7b,stock_price,670,3
qwen2.5-7b,stock_price,671,3
qwen2.5-7b,stock_price,672,3
qwen2.5-7b,stock_price,673,3
qwen2.5-7b,stock_price,674,3
qwen2.5-7b,stock_price,675,3
qwen2.5-7b,stock_price,676,3
qwen2.5-7b,stock_price,677,3
qwen2.5-7b,stock_price,678,3
qwen2.5-7b,stock_price,679,3
qwen2.5-7b,stock_price,680,3
qwen2.5-7b,stock_price,681,3
qwen2.5-7b,stock_price,682,3
qwen2.5-7b,stock_price,683,3
qwen2.5-7b,stock_price,684,3
qwen2.5-7b,stock_price,685,3
qwen2.5-7b,stock_price,686,3
qwen2.5-7b,stock_price,687,3
qwen2.5-7b,stock_price,688,3
qwen2.5-7b,stock_price,689,3
qwen2.5-7b,stock_price,690,3
qwen2.5-7b,stock_price,691,3
qwen2.5-7b,stock_price,692,3
qwen2.5-7b,stock_price,693,3
qwen2.5-7b,stock_price,694,3
qwen2.5-7b,stock_price,695,3
qwen2.5-7b,stock_price,696,3
qwen2.5-7b,stock_price,697,3
qwen2.5-7b,stock_price,698,3
qwen2.5-7b,stock_price,699,3
qwen2.5-7b,stock_price,700,3
qwen2.5-7b,stock_price,701,3
qwen2.5-7b,stock_price,702,3
qwen2.5-7b,stock_price,703,3
qwen2.5-7b,stock_price,704,3
qwen2.5-7b,stock_price,705,3
qwen2.5-7b,stock_price,706,3
qwen2.5-7b,stock_price,707,3
qwen2.5-7b,stock_price,708,3
qwen2.5-7b,stock_price,709,3
qwen2.5-7b,stock_price,710,3
qwen2.5-7b,stock_price,711,3
qwen2.5-7b,stock_price,712,3
qwen2.5-7b,stock_price,713,3
qwen2.5-7b,stock_price,714,3
qwen2.5-7b,stock_price,715,3
qwen2.5-7b,stock_price,716,3
qwen2.5-7b,stock_price,717,3
qwen2.5-7b,stock_price,718,3
qwen2.5-7b,stock_price,719,3
qwen2.5-7b,stock_price,720,3
qwen2.5-7b,stock_price,721,3
qwen2.5-7b,stock_price,722,3
qwen2.5-7b,stock_price,723,3
qwen2.5-7b,stock_price,724,3
qwen2.5-7b,stock_price,725,3
qwen2.5-7b,stock_price,726,3
qwen2.5-7b,stock_price,727,3
qwen2.5-7b,stock_price,728,3
qwen2.5-7b,stock_price,729,3
qwen2.5-7b,stock_price,730,3
qwen2.5-7b,stock_price,731,3
qwen2.5-7b,stock_price,732,3
qwen2.5-7b,stock_price,733,3
qwen2.5-7b,stock_price,734,3
qwen2.5-7b,stock_price,735,3
qwen2.5-7b,stock_price,736,3
qwen2.5-7b,stock_price,737,3
qwen2.5-7b,stock_price,738,3
qwen2.5-7b,stock_price,739,3
qwen2.5-7b,stock_price,740,3
qwen2.5-7b,stock_price,741,3
qwen2.5-7b,stock_price,742,3
qwen2.5-7b,stock_price,743,3
qwen2.5-7b,stock_price,744,3
qwen2.5-7b,stock_price,745,3
qwen2.5-7b,stock_price,746,3
qwen2.5-7b,stock_price,747,3
qwen2.5-7b,stock_price,748,3
qwen2.5-7b,stock_price,749,3
qwen2.5-7b,stock_price,750,3
qwen2.5-7b,stock_price,751,3
qwen2.5-7b,stock_price,752,3
qwen2.5-7b,stock_price,753,3
qwen2.5-7b,stock_price,754,3
qwen2.5-7b,stock_price,755,3
qwen2.5-7b,stock_price,756,3
qwen2.5-7b,stock_price,757,3
qwen2.5-7b,stock_price,758,3
qwen2.5-7b,stock_price,759,3
qwen2.5-7b,stock_price,760,3
qwen2.5-7b,stock_price,761,3
qwen2.5-7b,stock_price,762,3
qwen2.5-7b,stock_price,763,3
qwen2.5-7b,stock_price,764,3
qwen2.5-7b,stock_price,765,3
qwen2.5-7b,stock_price,766,3
qwen2.5-7b,stock_price,767,3
qwen2.5-7b,stock_price,768,3
qwen2.5-7b,stock_price,769,3
qwen2.5-7b,stock_price,770,3
qwen2.5-7b,stock_price,771,3
qwen2.5-7b,stock_price,772,3
qwen2.5-7b,stock_price,773,3
qwen2.5-7b,stock_price,774,3
qwen2.5-7b,stock_price,775,3
qwen2.5-7b,stock_price,776,3
qwen2.5-7b,stock_price,777,3
qwen2.5-7b,stock_price,778,3
qwen2.5-7b,stock_price,779,3
qwen2.5-7b,stock_price,780,3
qwen2.5-7b,stock_price,781,3
qwen2.5-7b,stock_price,782,3
qwen2.5-7b,stock_price,783,3
qwen2.5-7b,stock_price,784,3
qwen2.5-7b,stock_price,785,3
qwen2.5-7b,stock_price,786,3
qwen2.5-7b,stock_price,787,3
qwen2.5-7b,stock_price,788,3
qwen2.5-7b,stock_price,789,3
qwen2.5-7b,stock_price,790,3
qwen2.5-7b,stock_price,791,3
qwen2.5-7b,stock_price,792,3
qwen2.5-7b,stock_price,793,3
qwen2.5-7b,stock_price,794,3
qwen2.5-7b,stock_price,795,3
qwen2.5-7b,stock_price,796,3
qwen2.5-7b,stock_price,797,3
qwen2.5-7b,stock_price,798,3
qwen2.5-7b,stock_price,799,3
qwen2.5-7b,stock_price,800,3
qwen2.5-7b,stock_price,801,3
qwen2.5-7b,stock_price,802,3
qwen2.5-7b,stock_price,803,3
qwen2.5-7b,stock_price,804,3
qwen2.5-7b,stock_price,805,3
qwen2.5-7b,stock_price,806,3
qwen2.5-7b,stock_price,807,3
qwen2.5-7b,stock_price,808,3
qwen2.5-7b,stock_price,809,3
qwen2.5-7b,stock_price,810,3
qwen2.5-7b,stock_price,811,3
qwen2.5-7b,stock_price,812,3
qwen2.5-7b,stock_price,813,3
qwen2.5-7b,stock_price,814,3
qwen2.5-7b,stock_price,815,3
qwen2.5-7b,stock_price,816,3
qwen2.5-7b,stock_price,817,3
qwen2.5-7b,stock_price,818,3
qwen2.5-7b,stock_price,819,3
qwen2.5-7b,stock_price,820,3
qwen2.5-7b,stock_price,821,3
qwen2.5-7b,stock_price,822,3
qwen2.5-7b,stock_price,823,3
qwen2.5-7b,stock_price,824,3
qwen2.5-7b,stock_price,825,3
qwen2.5-7b,stock_price,826,3
qwen2.5-7b,stock_price,827,3
qwen2.5-7b,stock_price,828,3
qwen2.5-7b,stock_price,829,3
qwen2.5-7b,stock_price,830,3
qwen2.5-7b,stock_price,831,3
qwen2.5-7b,stock_price,832,3
qwen2.5-7b,stock_price,833,3
qwen2.5-7b,stock_price,834,3
qwen2.5-7b,stock_price,835,3
qwen2.5-7b,stock_price,836,3
qwen2.5-7b,stock_price,837,3
qwen2.5-7b,stock_price,838,3
qwen2.5-7b,stock_price,839,3
qwen2.5-7b,stock_price,840,3
qwen2.5-7b,stock_price,841,3
qwen2.5-7b,stock_price,842,3
qwen2.5-7b,stock_price,843,3
qwen2.5-7b,stock_price,844,3
qwen2.5-7b,stock_price,845,3
qwen2.5-7b,stock_price,846,3
qwen2.5-7b,stock_price,847,3
qwen2.5-7b,stock_price,848,3
qwen2.5-7b,stock_price,849,3
qwen2.5-7b,stock_price,850,3
qwen2.5-7b,stock_price,851,3
qwen2.5-7b,stock_price,852,3
qwen2.5-7b,stock_price,853,3
qwen2.5-7b,stock_price,854,3
qwen2.5-7b,stock_price,855,3
qwen2.5-7b,stock_price,856,3
qwen2.5-7b,stock_price,857,3
qwen2.5-7b,stock_price,858,3
qwen2.5-7b,stock_price,859,3
qwen2.5-7b,stock_price,860,3
qwen2.5-7b,stock_price,861,3
qwen2.5-7b,stock_price,862,3
qwen2.5-7b,stock_price,863,3
qwen2.5-7b,stock_price,864,3
qwen2.5-7b,stock_price,865,3
qwen2.5-7b,stock_price,866,3
qwen2.5-7b,stock_price,867,3
qwen2.5-7b,stock_price,868,3
qwen2.5-7b,stock_price,869,3
qwen2.5-7b,stock_price,870,3
qwen2.5-7b,stock_price,871,3
qwen2.5-7b,stock_price,872,3
qwen2.5-7b,stock_price,873,3
qwen2.5-7b,stock_price,874,3
qwen2.5-7b,stock_price,875,3
qwen2.5-7b,stock_price,876,3
qwen2.5-7b,stock_price,877,3
qwen2.5-7b,stock_price,878,3
qwen2.5-7b,stock_price,879,3
qwen2.5-7b,stock_price,880,3
qwen2.5-7b,stock_price,881,3
qwen2.5-7b,stock_price,882,3
qwen2.5-7b,stock_price,883,3
qwen2.5-7b,stock_price,884,3
qwen2.5-7b,stock_price,885,3
qwen2.5-7b,stock_price,886,3
qwen2.5-7b,stock_price,887,3
qwen2.5-7b,stock_price,888,3
qwen2.5-7b,stock_price,889,3
qwen2.5-7b,stock_price,890,3
qwen2.5-7b,stock_price,891,3
qwen2.5-7b,stock_price,892,3
qwen2.5-7b,stock_price,893,3
qwen2.5-7b,stock_price,894,3
qwen2.5-7b,stock_price,895,3
qwen2.5-7b,stock_price,896,3
qwen2.5-7b,stock_price,897,3
qwen2.5-7b,stock_price,898,3
qwen2.5-7b,stock_price,899,3
qwen2.5-7b,stock_price,900,3
qwen2.5-7b,stock_price,901,3
qwen2.5-7b,stock_price,902,3
qwen2.5-7b,stock_price,903,3
qwen2.5-7b,stock_price,904,3
qwen2.5-7b,stock_price,905,3
qwen2.5-7b,stock_price,906,3
qwen2.5-7b,stock_price,907,3
qwen2.5-7b,stock_price,908,3
qwen2.5-7b,stock_price,909,3
qwen2.5-7b,stock_price,910,3
qwen2.5-7b,stock_price,911,3
qwen2.5-7b,stock_price,912,3
qwen2.5-7b,stock_price,913,3
qwen2.5-7b,stock_price,914,3
qwen2.5-7b,stock_price,915,3
qwen2.5-7b,stock_price,916,3
qwen2.5-7b,stock_price,917,3
qwen2.5-7b,stock_price,918,3
qwen2.5-7b,stock_price,919,3
qwen2.5-7b,stock_price,920,3
qwen2.5-7b,stock_price,921,3
qwen2.5-7b,stock_price,922,3
qwen2.5-7b,stock_price,923,3
qwen2.5-7b,stock_price,924,3
qwen2.5-7b,stock_price,925,3
qwen2.5-7b,stock_price,926,3
qwen2.5-7b,stock_price,927,3
qwen2.5-7b,stock_price,928,3
qwen2.5-7b,stock_price,929,3
qwen2.5-7b,stock_price,930,3
qwen2.5-7b,stock_price,931,3
qwen2.5-7b,stock_price,932,3
qwen2.5-7b,stock_price,933,3
qwen2.5-7b,stock_price,934,3
qwen2.5-7b,stock_price,935,3
qwen2.5-7b,stock_price,936,3
qwen2.5-7b,stock_price,937,3
qwen2.5-7b,stock_price,938,3
qwen2.5-7b,stock_price,939,3
qwen2.5-7b,stock_price,940,3
qwen2.5-7b,stock_price,941,3
qwen2.5-7b,stock_price,942,3
qwen2.5-7b,stock_price,943,3
qwen2.5-7b,stock_price,944,3
qwen2.5-7b,stock_price,945,3
qwen2.5-7b,stock_price,946,3
qwen2.5-7b,stock_price,947,3
qwen2.5-7b,stock_price,948,3
qwen2.5-7b,stock_price,949,3
qwen2.5-7b,stock_price,950,3
qwen2.5-7b,stock_price,951,3
qwen2.5-7b,stock_price,952,3
qwen2.5-7b,stock_price,953,3
qwen2.5-7b,stock_price,954,3
qwen2.5-7b,stock_price,955,3
qwen2.5-7b,stock_price,956,3
qwen2.5-7b,stock_price,957,3
qwen2.5-7b,stock_price,958,3
qwen2.5-7b,stock_price,959,3
qwen2.5-7b,stock_price,960,3
qwen2.5-7b,stock_price,961,3
qwen2.5-7b,stock_price,962,3
qwen2.5-7b,stock_price,963,3
qwen2.5-7b,stock_price,964,3
qwen2.5-7b,stock_price,965,3
qwen2.5-7b,stock_price,966,3
qwen2.5-7b,stock_price,967,3
qwen2.5-7b,stock_price,968,3
qwen2.5-7b,stock_price,969,3
qwen2.5-7b,stock_price,970,3
qwen2.5-7b,stock_price,971,3
qwen2.5-7b,stock_price,972,3
qwen2.5-7b,stock_price,973,3
qwen2.5-7b,stock_price,974,3
qwen2.5-7b,stock_price,975,3
qwen2.5-7b,stock_price,976,3
qwen2.5-7b,stock_price,977,3
qwen2.5-7b,stock_price,978,3
qwen2.5-7b,stock_price,979,3
qwen2.5-7b,stock_price,980,3
qwen2.5-7b,stock_price,981,3
qwen2.5-7b,stock_price,982,3
qwen2.5-7b,stock_price,983,3
qwen2.5-7b,stock_price,984,3
qwen2.5-7b,stock_price,985,3
qwen2.5-7b,stock_price,986,3
qwen2.5-7b,stock_price,987,3
qwen2.5-7b,stock_price,988,3
qwen2.5-7b,stock_price,989,3
qwen2.5-7b,stock_price,990,3
qwen2.5-7b,stock_price,991,3
qwen2.5-7b,stock_price,992,3
qwen2.5-7b,stock_price,993,3
qwen2.5-7b,stock_price,994,3
qwen2.5-7b,stock_price,995,3
qwen2.5-7b,stock_price,996,3
qwen2.5-7b,stock_price,997,3
qwen2.5-7b,stock_price,998,3
qwen2.5-7b,page_count,3,1
qwen2.5-7b,page_count,4,1
qwen2.5-7b,page_count,5,1
qwen2.5-7b,page_count,6,1
qwen2.5-7b,page_count,7,1
qwen2.5-7b,page_count,8,1
qwen2.5-7b,page_count,9,1
qwen2.5-7b,page_count,10,2
qwen2.5-7b,page_count,11,2
qwen2.5-7b,page_count,12,2
qwen2.5-7b,page_count,13,2
qwen2.5-7b,page_count,14,2
qwen2.5-7b,page_count,15,2
qwen2.5-7b,page_count,16,2
qwen2.5-7b,page_count,17,2
qwen2.5-7b,page_count,18,2
qwen2.5-7b,page_count,19,2
qwen2.5-7b,page_count,20,2
qwen2.5-7b,page_count,21,2
qwen2.5-7b,page_count,22,2
qwen2.5-7b,page_count,23,2
qwen2.5-7b,page_count,24,2
qwen2.5-7b,page_count,25,2
qwen2.5-7b,page_count,26,2
qwen2.5-7b,page_count,27,2
qwen2.5-7b,page_count,28,2
qwen2.5-7b,page_count,29,2
qwen2.5-7b,page_count,30,2
qwen2.5-7b,page_count,31,2
qwen2.5-7b,page_count,32,2
qwen2.5-7b,page_count,33,2
qwen2.5-7b,page_count,34,2
qwen2.5-7b,page_count,35,2
qwen2.5-7b,page_count,36,2
qwen2.5-7b,page_count,37,2
qwen2.5-7b,page_count,38,2
qwen2.5-7b,page_count,39,2
qwen2.5-7b,page_count,40,2
qwen2.5-7b,page_count,41,2
qwen2.5-7b,page_count,42,2
qwen2.5-7b,page_count,43,2
qwen2.5-7b,page_count,44,2
qwen2.5-7b,page_count,45,2
qwen2.5-7b,page_count,46,2
qwen2.5-7b,page_count,47,2
qwen2.5-7b,page_count,48,2
qwen2.5-7b,page_count,49,2
qwen2.5-7b,page_count,50,2
qwen2.5-7b,page_count,51,2
qwen2.5-7b,page_count,52,2
qwen2.5-7b,page_count,53,2
qwen2.5-7b,page_count,54,2
qwen2.5-7b,page_count,55,2
qwen2.5-7b,page_count,56,2
qwen2.5-7b,page_count,57,2
qwen2.5-7b,page_count,58,2
qwen2.5-7b,page_count,59,2
qwen2.5-7b,page_count,60,2
qwen2.5-7b,page_count,61,2
qwen2.5-7b,page_count,62,2
qwen2.5-7b,page_count,63,2
qwen2.5-7b,page_count,64,2
qwen2.5-7b,page_count,65,2
qwen2.5-7b,page_count,66,2
qwen2.5-7b,page_count,67,2
qwen2.5-7b,page_count,68,2
qwen2.5-7b,page_count,69,2
qwen2.5-7b,page_count,70,2
qwen2.5-7b,page_count,71,2
qwen2.5-7b,page_count,72,2
qwen2.5-7b,page_count,73,2
qwen2.5-7b,page_count,74,2
qwen2.5-7b,page_count,75,2
qwen2.5-7b,page_count,76,2
qwen2.5-7b,page_count,77,2
qwen2.5-7b,page_count,78,2
qwen2.5-7b,page_count,79,2
qwen2.5-7b,page_count,80,2
qwen2.5-7b,page_count,81,2
qwen2.5-7b,page_count,82,2
qwen2.5-7b,page_count,83,2
qwen2.5-7b,page_count,84,2
qwen2.5-7b,page_count,85,2
qwen2.5-7b,page_count,86,2
qwen2.5-7b,page_count,87,2
qwen2.5-7b,page_count,88,2
qwen2.5-7b,page_count,89,2
qwen2.5-7b,page_count,90,2
qwen2.5-7b,page_count,91,2
qwen2.5-7b,page_count,92,2
qwen2.5-7b,page_count,93,2
qwen2.5-7b,page_count,94,2
qwen2.5-7b,page_count,95,2
qwen2.5-7b,page_count,96,2
qwen2.5-7b,page_count,97,2
qwen2.5-7b,page_count,98,2
qwen2.5-7b,page_count,99,2
qwen2.5-7b,page_count,100,3
qwen2.5-7b,page_count,101,3
qwen2.5-7b,page_count,102,3
qwen2.5-7b,page_count,103,3
qwen2.5-7b,page_count,104,3
qwen2.5-7b,page_count,105,3
qwen2.5-7b,page_count,106,3
qwen2.5-7b,page_count,107,3
qwen2.5-7b,page_count,108,3
qwen2.5-7b,page_count,109,3
qwen2.5-7b,page_count,110,3
qwen2.5-7b,page_count,111,3
qwen2.5-7b,page_count,112,3
qwen2.5-7b,page_count,113,3
qwen2.5-7b,page_count,114,3
qwen2.5-7b,page_count,115,3
qwen2.5-7b,page_count,116,3
qwen2.5-7b,page_count,117,3
qwen2.5-7b,page_count,118,3
qwen2.5-7b,page_count,119,3
qwen2.5-7b,page_count,120,3
qwen2.5-7b,page_count,121,3
qwen2.5-7b,page_count,122,3
qwen2.5-7b,page_count,123,3
qwen2.5-7b,page_count,124,3
qwen2.5-7b,page_count,125,3
qwen2.5-7b,page_count,126,3
qwen2.5-7b,page_count,127,3
qwen2.5-7b,page_count,128,3
qwen2.5-7b,page_count,129,3
qwen2.5-7b,page_count,130,3
qwen2.5-7b,page_count,131,3
qwen2.5-7b,page_count,132,3
qwen2.5-7b,page_count,133,3
qwen2.5-7b,page_count,134,3
qwen2.5-7b,page_count,135,3
qwen2.5-7b,page_count,136,3
qwen2.5-7b,page_count,137,3
qwen2.5-7b,page_count,138,3
qwen2.5-7b,page_count,139,3
qwen2.5-7b,page_count,140,3
qwen2.5-7b,page_count,141,3
qwen2.5-7b,page_count,142,3
qwen2.5-7b,page_count,143,3
qwen2.5-7b,page_count,144,3
qwen2.5-7b,page_count,145,3
qwen2.5-7b,page_count,146,3
qwen2.5-7b,page_count,147,3
qwen2.5-7b,page_count,148,3
qwen2.5-7b,page_count,149,3
qwen2.5-7b,page_count,150,3
qwen2.5-7b,page_count,151,3
qwen2.5-7b,page_count,152,3
qwen2.5-7b,page_count,153,3
qwen2.5-7b,page_count,154,3
qwen2.5-7b,page_count,155,3
qwen2.5-7b,page_count,156,3
qwen2.5-7b,page_count,157,3
qwen2.5-7b,page_count,158,3
qwen2.5-7b,page_count,159,3
qwen2.5-7b,page_count,160,3
qwen2.5-7b,page_count,161,3
qwen2.5-7b,page_count,162,3
qwen2.5-7b,page_count,163,3
qwen2.5-7b,page_count,164,3
qwen2.5-7b,page_count,165,3
qwen2.5-7b,page_count,166,3
qwen2.5-7b,page_count,167,3
qwen2.5-7b,page_count,168,3
qwen2.5-7b,page_count,169,3
qwen2.5-7b,page_count,170,3
qwen2.5-7b,page_count,171,3
qwen2.5-7b,page_count,172,3
qwen2.5-7b,page_count,173,3
qwen2.5-7b,page_count,174,3
qwen2.5-7b,page_count,175,3
qwen2.5-7b,page_count,176,3
qwen2.5-7b,page_count,177,3
qwen2.5-7b,page_count,178,3
qwen2.5-7b,page_count,179,3
qwen2.5-7b,page_count,180,3
qwen2.5-7b,page_count,181,3
qwen2.5-7b,page_count,182,3
qwen2.5-7b,page_count,183,3
qwen2.5-7b,page_count,184,3
qwen2.5-7b,page_count,185,3
qwen2.5-7b,page_count,186,3
qwen2.5-7b,page_count,187,3
qwen2.5-7b,page_count,188,3
qwen2.5-7b,page_count,189,3
qwen2.5-7b,page_count,190,3
qwen2.5-7b,page_count,191,3
qwen2.5-7b,page_count,192,3
qwen2.5-7b,page_count,193,3
qwen2.5-7b,page_count,194,3
qwen2.5-7b,page_count,195,3
qwen2.5-7b,page_count,196,3
qwen2.5-7b,page_count,197,3
qwen2.5-7b,page_count,198,3
qwen2.5-7b,page_count,199,3
qwen2.5-7b,page_count,200,3
qwen2.5-7b,page_count,201,3
qwen2.5-7b,page_count,202,3
qwen2.5-7b,page_count,203,3
qwen2.5-7b,page_count,204,3
qwen2.5-7b,page_count,205,3
qwen2.5-7b,page_count,206,3
qwen2.5-7b,page_count,207,3
qwen2.5-7b,page_count,208,3
qwen2.5-7b,page_count,209,3
qwen2.5-7b,page_count,210,3
qwen2.5-7b,page_count,211,3
qwen2.5-7b,page_count,212,3
qwen2.5-7b,page_count,213,3
qwen2.5-7b,page_count,214,3
qwen2.5-7b,page_count,215,3
qwen2.5-7b,page_count,216,3
qwen2.5-7b,page_count,217,3
qwen2.5-7b,page_count,218,3
qwen2.5-7b,page_count,219,3
qwen2.5-7b,page_count,220,3
qwen2.5-7b,page_count,221,3
qwen2.5-7b,page_count,222,3
qwen2.5-7b,page_count,223,3
qwen2.5-7b,page_count,224,3
qwen2.5-7b,page_count,225,3
qwen2.5-7b,page_count,226,3
qwen2.5-7b,page_count,227,3
qwen2.5-7b,page_count,228,3
qwen2.5-7b,page_count,229,3
qwen2.5-7b,page_count,230,3
qwen2.5-7b,page_count,231,3
qwen2.5-7b,page_count,232,3
qwen2.5-7b,page_count,233,3
qwen2.5-7b,page_count,234,3
qwen2.5-7b,page_count,235,3
qwen2.5-7b,page_count,236,3
qwen2.5-7b,page_count,237,3
qwen2.5-7b,page_count,238,3
qwen2.5-7b,page_count,239,3
qwen2.5-7b,page_count,240,3
qwen2.5-7b,page_count,241,3
qwen2.5-7b,page_count,242,3
qwen2.5-7b,page_count,243,3
qwen2.5-7b,page_count,244,3
qwen2.5-7b,page_count,245,3
qwen2.5-7b,page_count,246,3
qwen2.5-7b,page_count,247,3
qwen2.5-7b,page_count,248,3
qwen2.5-7b,page_count,249,3
qwen2.5-7b,page_count,250,3
qwen2.5-7b,page_count,251,3
qwen2.5-7b,page_count,252,3
qwen2.5-7b,page_count,253,3
qwen2.5-7b,page_count,254,3
qwen2.5-7b,page_count,255,3
qwen2.5-7b,page_count,256,3
qwen2.5-7b,page_count,257,3
qwen2.5-7b,page_count,258,3
qwen2.5-7b,page_count,259,3
qwen2.5-7b,page_count,260,3
qwen2.5-7b,page_count,261,3
qwen2.5-7b,page_count,262,3
qwen2.5-7b,page_count,263,3
qwen2.5-7b,page_count,264,3
qwen2.5-7b,page_count,265,3
qwen2.5-7b,page_count,266,3
qwen2.5-7b,page_count,267,3
qwen2.5-7b,page_count,268,3
qwen2.5-7b,page_count,269,3
qwen2.5-7b,page_count,270,3
qwen2.5-7b,page_count,271,3
qwen2.5-7b,page_count,272,3
qwen2.5-7b,page_count,273,3
qwen2.5-7b,page_count,274,3
qwen2.5-7b,page_count,275,3
qwen2.5-7b,page_count,276,3
qwen2.5-7b,page_count,277,3
qwen2.5-7b,page_count,278,3
qwen2.5-7b,page_count,279,3
qwen2.5-7b,page_count,280,3
qwen2.5-7b,page_count,281,3
qwen2.5-7b,page_count,282,3
qwen2.5-7b,page_count,283,3
qwen2.5-7b,page_count,284,3
qwen2.5-7b,page_count,285,3
qwen2.5-7b,page_count,286,3
qwen2.5-7b,page_count,287,3
qwen2.5-7b,page_count,288,3
qwen2.5-7b,page_count,289,3
qwen2.5-7b,page_count,290,3
qwen2.5-7b,page_count,291,3
qwen2.5-7b,page_count,292,3
qwen2.5-7b,page_count,293,3
qwen2.5-7b,page_count,294,3
qwen2.5-7b,page_count,295,3
qwen2.5-7b,page_count,296,3
qwen2.5-7b,page_count,297,3
qwen2.5-7b,page_count,298,3
qwen2.5-7b,page_count,299,3
qwen2.5-7b,page_count,300,3
qwen2.5-7b,page_count,301,3
qwen2.5-7b,page_count,302,3
qwen2.5-7b,page_count,303,3
qwen2.5-7b,page_count,304,3
qwen2.5-7b,page_count,305,3
qwen2.5-7b,page_count,306,3
qwen2.5-7b,page_count,307,3
qwen2.5-7b,page_count,308,3
qwen2.5-7b,page_count,309,3
qwen2.5-7b,page_count,310,3
qwen2.5-7b,page_count,311,3
qwen2.5-7b,page_count,312,3
qwen2.5-7b,page_count,313,3
qwen2.5-7b,page_count,314,3
qwen2.5-7b,page_count,315,3
qwen2.5-7b,page_count,316,3
qwen2.5-7b,page_count,317,3
qwen2.5-7b,page_count,318,3
qwen2.5-7b,page_count,319,3
qwen2.5-7b,page_count,320,3
qwen2.5-7b,page_count,321,3
qwen2.5-7b,page_count,322,3
qwen2.5-7b,page_count,323,3
qwen2.5-7b,page_count,324,3
qwen2.5-7b,page_count,325,3
qwen2.5-7b,page_count,326,3
qwen2.5-7b,page_count,327,3
qwen2.5-7b,page_count,328,3
qwen2.5-7b,page_count,329,3
qwen2.5-7b,page_count,330,3
qwen2.5-7b,page_count,331,3
qwen2.5-7b,page_count,332,3
qwen2.5-7b,page_count,333,3
qwen2.5-7b,page_count,334,3
qwen2.5-7b,page_count,335,3
qwen2.5-7b,page_count,336,3
qwen2.5-7b,page_count,337,3
qwen2.5-7b,page_count,338,3
qwen2.5-7b,page_count,339,3
qwen2.5-7b,page_count,340,3
qwen2.5-7b,page_count,341,3
qwen2.5-7b,page_count,342,3
qwen2.5-7b,page_count,343,3
qwen2.5-7b,page_count,344,3
qwen2.5-7b,page_count,345,3
qwen2.5-7b,page_count,346,3
qwen2.5-7b,page_count,347,3
qwen2.5-7b,page_count,348,3
qwen2.5-7b,page_count,349,3
qwen2.5-7b,page_count,350,3
qwen2.5-7b,page_count,351,3
qwen2.5-7b,page_count,352,3
qwen2.5-7b,page_count,353,3
qwen2.5-7b,page_count,354,3
qwen2.5-7b,page_count,355,3
qwen2.5-7b,page_count,356,3
qwen2.5-7b,page_count,357,3
qwen2.5-7b,page_count,358,3
qwen2.5-7b,page_count,359,3
qwen2.5-7b,page_count,360,3
qwen2.5-7b,page_count,361,3
qwen2.5-7b,page_count,362,3
qwen2.5-7b,page_count,363,3
qwen2.5-7b,page_count,364,3
qwen2.5-7b,page_count,365,3
qwen2.5-7b,page_count,366,3
qwen2.5-7b,page_count,367,3
qwen2.5-7b,page_count,368,3
qwen2.5-7b,page_count,369,3
qwen2.5-7b,page_count,370,3
qwen2.5-7b,page_count,371,3
qwen2.5-7b,page_count,372,3
qwen2.5-7b,page_count,373,3
qwen2.5-7b,page_count,374,3
qwen2.5-7b,page_count,375,3
qwen2.5-7b,page_count,376,3
qwen2.5-7b,page_count,377,3
qwen2.5-7b,page_count,378,3
qwen2.5-7b,page_count,379,3
qwen2.5-7b,page_count,380,3
qwen2.5-7b,page_count,381,3
qwen2.5-7b,page_count,382,3
qwen2.5-7b,page_count,383,3
qwen2.5-7b,page_count,384,3
qwen2.5-7b,page_count,385,3
qwen2.5-7b,page_count,386,3
qwen2.5-7b,page_count,387,3
qwen2.5-7b,page_count,388,3
qwen2.5-7b,page_count,389,3
qwen2.5-7b,page_count,390,3
qwen2.5-7b,page_count,391,3
qwen2.5-7b,page_count,392,3
qwen2.5-7b,page_count,393,3
qwen2.5-7b,page_count,394,3
qwen2.5-7b,page_count,395,3
qwen2.5-7b,page_count,396,3
qwen2.5-7b,page_count,397,3
qwen2.5-7b,page_count,398,3
qwen2.5-7b,page_count,399,3
qwen2.5-7b,page_count,400,3
qwen2.5-7b,page_count,401,3
qwen2.5-7b,page_count,402,3
qwen2.5-7b,page_count,403,3
qwen2.5-7b,page_count,404,3
qwen2.5-7b,page_count,405,3
qwen2.5-7b,page_count,406,3
qwen2.5-7b,page_count,407,3
qwen2.5-7b,page_count,408,3
qwen2.5-7b,page_count,409,3
qwen2.5-7b,page_count,410,3
qwen2.5-7b,page_count,411,3
qwen2.5-7b,page_count,412,3
qwen2.5-7b,page_count,413,3
qwen2.5-7b,page_count,414,3
qwen2.5-7b,page_count,415,3
qwen2.5-7b,page_count,416,3
qwen2.5-7b,page_count,417,3
qwen2.5-7b,page_count,418,3
qwen2.5-7b,page_count,419,3
qwen2.5-7b,page_count,420,3
qwen2.5-7b,page_count,421,3
qwen2.5-7b,page_count,422,3
qwen2.5-7b,page_count,423,3
qwen2.5-7b,page_count,424,3
qwen2.5-7b,page_count,425,3
qwen2.5-7b,page_count,426,3
qwen2.5-7b,page_count,427,3
qwen2.5-7b,page_count,428,3
qwen2.5-7b,page_count,429,3
qwen2.5-7b,page_count,430,3
qwen2.5-7b,page_count,431,3
qwen2.5-7b,page_count,432,3
qwen2.5-7b,page_count,433,3
qwen2.5-7b,page_count,434,3
qwen2.5-7b,page_count,435,3
qwen2.5-7b,page_count,436,3
qwen2.5-7b,page_count,437,3
qwen2.5-7b,page_count,438,3
qwen2.5-7b,page_count,439,3
qwen2.5-7b,page_count,440,3
qwen2.5-7b,page_count,441,3
qwen2.5-7b,page_count,442,3
qwen2.5-7b,page_count,443,3
qwen2.5-7b,page_count,444,3
qwen2.5-7b,page_count,445,3
qwen2.5-7b,page_count,446,3
qwen2.5-7b,page_count,447,3
qwen2.5-7b,page_count,448,3
qwen2.5-7b,page_count,449,3
qwen2.5-7b,page_count,450,3
qwen2.5-7b,page_count,451,3
qwen2.5-7b,page_count,452,3
qwen2.5-7b,page_count,453,3
qwen2.5-7b,page_count,454,3
qwen2.5-7b,page_count,455,3
qwen2.5-7b,page_count,456,3
qwen2.5-7b,page_count,457,3
qwen2.5-7b,page_count,458,3
qwen2.5-7b,page_count,459,3
qwen2.5-7b,page_count,460,3
qwen2.5-7b,page_count,461,3
qwen2.5-7b,page_count,462,3
qwen2.5-7b,page_count,463,3
qwen2.5-7b,page_count,464,3
qwen2.5-7b,page_count,465,3
qwen2.5-7b,page_count,466,3
qwen2.5-7b,page_count,467,3
qwen2.5-7b,page_count,468,3
qwen2.5-7b,page_count,469,3
qwen2.5-7b,page_count,470,3
qwen2.5-7b,page_count,471,3
qwen2.5-7b,page_count,472,3
qwen2.5-7b,page_count,473,3
qwen2.5-7b,page_count,474,3
qwen2.5-7b,page_count,475,3
qwen2.5-7b,page_count,476,3
qwen2.5-7b,page_count,477,3
qwen2.5-7b,page_count,478,3
qwen2.5-7b,page_count,479,3
qwen2.5-7b,page_count,480,3
qwen2.5-7b,page_count,481,3
qwen2.5-7b,page_count,482,3
qwen2.5-7b,page_count,483,3
qwen2.5-7b,page_count,484,3
qwen2.5-7b,page_count,485,3
qwen2.5-7b,page_count,486,3
qwen2.5-7b,page_count,487,3
qwen2.5-7b,page_count,488,3
qwen2.5-7b,page_count,489,3
qwen2.5-7b,page_count,490,3
qwen2.5-7b,page_count,491,3
qwen2.5-7b,page_count,492,3
qwen2.5-7b,page_count,493,3
qwen2.5-7b,page_count,494,3
qwen2.5-7b,page_count,495,3
qwen2.5-7b,page_count,496,3
qwen2.5-7b,page_count,497,3
qwen2.5-7b,page_count,498,3
qwen2.5-7b,page_count,499,3
qwen2.5-7b,page_count,500,3
qwen2.5-7b,page_count,501,3
qwen2.5-7b,page_count,502,3
qwen2.5-7b,page_count,503,3
qwen2.5-7b,page_count,504,3
qwen2.5-7b,page_count,505,3
qwen2.5-7b,page_count,506,3
qwen2.5-7b,page_count,507,3
qwen2.5-7b,page_count,508,3
qwen2.5-7b,page_count,509,3
qwen2.5-7b,page_count,510,3
qwen2.5-7b,page_count,511,3
qwen2.5-7b,page_count,512,3
qwen2.5-7b,page_count,513,3
qwen2.5-7b,page_count,514,3
qwen2.5-7b,page_count,515,3
qwen2.5-7b,page_count,516,3
qwen2.5-7b,page_count,517,3
qwen2.5-7b,page_count,518,3
qwen2.5-7b,page_count,519,3
qwen2.5-7b,page_count,520,3
qwen2.5-7b,page_count,521,3
qwen2.5-7b,page_count,522,3
qwen2.5-7b,page_count,523,3
qwen2.5-7b,page_count,524,3
qwen2.5-7b,page_count,525,3
qwen2.5-7b,page_count,526,3
qwen2.5-7b,page_count,527,3
qwen2.5-7b,page_count,528,3
qwen2.5-7b,page_count,529,3
qwen2.5-7b,page_count,530,3
qwen2.5-7b,page_count,531,3
qwen2.5-7b,page_count,532,3
qwen2.5-7b,page_count,533,3
qwen2.5-7b,page_count,534,3
qwen2.5-7b,page_count,535,3
qwen2.5-7b,page_count,536,3
qwen2.5-7b,page_count,537,3
qwen2.5-7b,page_count,538,3
qwen2.5-7b,page_count,539,3
qwen2.5-7b,page_count,540,3
qwen2.5-7b,page_count,541,3
qwen2.5-7b,page_count,542,3
qwen2.5-7b,page_count,543,3
qwen2.5-7b,page_count,544,3
qwen2.5-7b,page_count,545,3
qwen2.5-7b,page_count,546,3
qwen2.5-7b,page_count,547,3
qwen2.5-7b,page_count,548,3
qwen2.5-7b,page_count,549,3
qwen2.5-7b,page_count,550,3
qwen2.5-7b,page_count,551,3
qwen2.5-7b,page_count,552,3
qwen2.5-7b,page_count,553,3
qwen2.5-7b,page_count,554,3
qwen2.5-7b,page_count,555,3
qwen2.5-7b,page_count,556,3
qwen2.5-7b,page_count,557,3
qwen2.5-7b,page_count,558,3
qwen2.5-7b,page_count,559,3
qwen2.5-7b,page_count,560,3
qwen2.5-7b,page_count,561,3
qwen2.5-7b,page_count,562,3
qwen2.5-7b,page_count,563,3
qwen2.5-7b,page_count,564,3
qwen2.5-7b,page_count,565,3
qwen2.5-7b,page_count,566,3
qwen2.5-7b,page_count,567,3
qwen2.5-7b,page_count,568,3
qwen2.5-7b,page_count,569,3
qwen2.5-7b,page_count,570,3
qwen2.5-7b,page_count,571,3
qwen2.5-7b,page_count,572,3
qwen2.5-7b,page_count,573,3
qwen2.5-7b,page_count,574,3
qwen2.5-7b,page_count,575,3
qwen2.5-7b,page_count,576,3
qwen2.5-7b,page_count,577,3
qwen2.5-7b,page_count,578,3
qwen2.5-7b,page_count,579,3
qwen2.5-7b,page_count,580,3
qwen2.5-7b,page_count,581,3
qwen2.5-7b,page_count,582,3
qwen2.5-7b,page_count,583,3
qwen2.5-7b,page_count,584,3
qwen2.5-7b,page_count,585,3
qwen2.5-7b,page_count,586,3
qwen2.5-7b,page_count,587,3
qwen2.5-7b,page_count,588,3
qwen2.5-7b,page_count,589,3
qwen2.5-7b,page_count,590,3
qwen2.5-7b,page_count,591,3
qwen2.5-7b,page_count,592,3
qwen2.5-7b,page_count,593,3
qwen2.5-7b,page_count,594,3
qwen2.5-7b,page_count,595,3
qwen2.5-7b,page_count,596,3
qwen2.5-7b,page_count,597,3
qwen2.5-7b,page_count,598,3
qwen2.5-7b,page_count,599,3
qwen2.5-7b,page_count,600,3
qwen2.5-7b,page_count,601,3
qwen2.5-7b,page_count,602,3
qwen2.5-7b,page_count,603,3
qwen2.5-7b,page_count,604,3
qwen2.5-7b,page_count,605,3
qwen2.5-7b,page_count,606,3
qwen2.5-7b,page_count,607,3
qwen2.5-7b,page_count,608,3
qwen2.5-7b,page_count,609,3
qwen2.5-7b,page_count,610,3
qwen2.5-7b,page_count,611,3
qwen2.5-7b,page_count,612,3
qwen2.5-7b,page_count,613,3
qwen2.5-7b,page_count,614,3
qwen2.5-7b,page_count,615,3
qwen2.5-7b,page_count,616,3
qwen2.5-7b,page_count,617,3
qwen2.5-7b,page_count,618,3
qwen2.5-7b,page_count,619,3
qwen2.5-7b,page_count,620,3
qwen2.5-7b,page_count,621,3
qwen2.5-7b,page_count,622,3
qwen2.5-7b,page_count,623,3
qwen2.5-7b,page_count,624,3
qwen2.5-7b,page_count,625,3
qwen2.5-7b,page_count,626,3
qwen2.5-7b,page_count,627,3
qwen2.5-7b,page_count,628,3
qwen2.5-7b,page_count,629,3
qwen2.5-7b,page_count,630,3
qwen2.5-7b,page_count,631,3
qwen2.5-7b,page_count,632,3
qwen2.5-7b,page_count,633,3
qwen2.5-7b,page_count,634,3
qwen2.5-7b,page_count,635,3
qwen2.5-7b,page_count,636,3
qwen2.5-7b,page_count,637,3
qwen2.5-7b,page_count,638,3
qwen2.5-7b,page_count,639,3
qwen2.5-7b,page_count,640,3
qwen2.5-7b,page_count,641,3
qwen2.5-7b,page_count,642,3
qwen2.5-7b,page_count,643,3
qwen2.5-7b,page_count,644,3
qwen2.5-7b,page_count,645,3
qwen2.5-7b,page_count,646,3
qwen2.5-7b,page_count,647,3
qwen2.5-7b,page_count,648,3
qwen2.5-7b,page_count,649,3
qwen2.5-7b,page_count,650,3
qwen2.5-7b,page_count,651,3
qwen2.5-7b,page_count,652,3
qwen2.5-7b,page_count,653,3
qwen2.5-7b,page_count,654,3
qwen2.5-7b,page_count,655,3
qwen2.5-7b,page_count,656,3
qwen2.5-7b,page_count,657,3
qwen2.5-7b,page_count,658,3
qwen2.5-7b,page_count,659,3
qwen2.5-7b,page_count,660,3
qwen2.5-7b,page_count,661,3
qwen2.5-7b,page_count,662,3
qwen2.5-7b,page_count,663,3
qwen2.5-7b,page_count,664,3
qwen2.5-7b,page_count,665,3
qwen2.5-7b,page_count,666,3
qwen2.5-7b,page_count,667,3
qwen2.5-7b,page_count,668,3
qwen2.5-7b,page_count,669,3
qwen2.5-7b,page_count,670,3
qwen2.5-7b,page_count,671,3
qwen2.5-7b,page_count,672,3
qwen2.5-7b,page_count,673,3
qwen2.5-7b,page_count,674,3
qwen2.5-7b,page_count,675,3
qwen2.5-7b,page_count,676,3
qwen2.5-7b,page_count,677,3
qwen2.5-7b,page_count,678,3
qwen2.5-7b,page_count,679,3
qwen2.5-7b,page_count,680,3
qwen2.5-7b,page_count,681,3
qwen2.5-7b,page_count,682,3
qwen2.5-7b,page_count,683,3
qwen2.5-7b,page_count,684,3
qwen2.5-7b,page_count,685,3
qwen2.5-7b,page_count,686,3
qwen2.5-7b,page_count,687,3
qwen2.5-7b,page_count,688,3
qwen2.5-7b,page_count,689,3
qwen2.5-7b,page_count,690,3
qwen2.5-7b,page_count,691,3
qwen2.5-7b,page_count,692,3
qwen2.5-7b,page_count,693,3
qwen2.5-7b,page_count,694,3
qwen2.5-7b,page_count,695,3
qwen2.5-7b,page_count,696,3
qwen2.5-7b,page_count,697,3
qwen2.5-7b,page_count,698,3
qwen2.5-7b,page_count,699,3
qwen2.5-7b,page_count,700,3
qwen2.5-7b,page_count,701,3
qwen2.5-7b,page_count,702,3
qwen2.5-7b,page_count,703,3
qwen2.5-7b,page_count,704,3
qwen2.5-7b,page_count,705,3
qwen2.5-7b,page_count,706,3
qwen2.5-7b,page_count,707,3
qwen2.5-7b,page_count,708,3
qwen2.5-7b,page_count,709,3
qwen2.5-7b,page_count,710,3
qwen2.5-7b,page_count,711,3
qwen2.5-7b,page_count,712,3
qwen2.5-7b,page_count,713,3
qwen2.5-7b,page_count,714,3
qwen2.5-7b,page_count,715,3
qwen2.5-7b,page_count,716,3
qwen2.5-7b,page_count,717,3
qwen2.5-7b,page_count,718,3
qwen2.5-7b,page_count,719,3
qwen2.5-7b,page_count,720,3
qwen2.5-7b,page_count,721,3
qwen2.5-7b,page_count,722,3
qwen2.5-7b,page_count,723,3
qwen2.5-7b,page_count,724,3
qwen2.5-7b,page_count,725,3
qwen2.5-7b,page_count,726,3
qwen2.5-7b,page_count,727,3
qwen2.5-7b,page_count,728,3
qwen2.5-7b,page_count,729,3
qwen2.5-7b,page_count,730,3
qwen2.5-7b,page_count,731,3
qwen2.5-7b,page_count,732,3
qwen2.5-7b,page_count,733,3
qwen2.5-7b,page_count,734,3
qwen2.5-7b,page_count,735,3
qwen2.5-7b,page_count,736,3
qwen2.5-7b,page_count,737,3
qwen2.5-7b,page_count,738,3
qwen2.5-7b,page_count,739,3
qwen2.5-7b,page_count,740,3
qwen2.5-7b,page_count,741,3
qwen2.5-7b,page_count,742,3
qwen2.5-7b,page_count,743,3
qwen2.5-7b,page_count,744,3
qwen2.5-7b,page_count,745,3
qwen2.5-7b,page_count,746,3
qwen2.5-7b,page_count,747,3
qwen2.5-7b,page_count,748,3
qwen2.5-7b,page_count,749,3
qwen2.5-7b,page_count,750,3
qwen2.5-7b,page_count,751,3
qwen2.5-7b,page_count,752,3
qwen2.5-7b,page_count,753,3
qwen2.5-7b,page_count,754,3
qwen2.5-7b,page_count,755,3
qwen2.5-7b,page_count,756,3
qwen2.5-7b,page_count,757,3
qwen2.5-7b,page_count,758,3
qwen2.5-7b,page_count,759,3
qwen2.5-7b,page_count,760,3
qwen2.5-7b,page_count,761,3
qwen2.5-7b,page_count,762,3
qwen2.5-7b,page_count,763,3
qwen2.5-7b,page_count,764,3
qwen2.5-7b,page_count,765,3
qwen2.5-7b,page_count,766,3
qwen2.5-7b,page_count,767,3
qwen2.5-7b,page_count,768,3
qwen2.5-7b,page_count,769,3
qwen2.5-7b,page_count,770,3
qwen2.5-7b,page_count,771,3
qwen2.5-7b,page_count,772,3
qwen2.5-7b,page_count,773,3
qwen2.5-7b,page_count,774,3
qwen2.5-7b,page_count,775,3
qwen2.5-7b,page_count,776,3
qwen2.5-7b,page_count,777,3
qwen2.5-7b,page_count,778,3
qwen2.5-7b,page_count,779,3
qwen2.5-7b,page_count,780,3
qwen2.5-7b,page_count,781,3
qwen2.5-7b,page_count,782,3
qwen2.5-7b,page_count,783,3
qwen2.5-7b,page_count,784,3
qwen2.5-7b,page_count,785,3
qwen2.5-7b,page_count,786,3
qwen2.5-7b,page_count,787,3
qwen2.5-7b,page_count,788,3
qwen2.5-7b,page_count,789,3
qwen2.5-7b,page_count,790,3
qwen2.5-7b,page_count,791,3
qwen2.5-7b,page_count,792,3
qwen2.5-7b,page_count,793,3
qwen2.5-7b,page_count,794,3
qwen2.5-7b,page_count,795,3
qwen2.5-7b,page_count,796,3
qwen2.5-7b,page_count,797,3
qwen2.5-7b,page_count,798,3
qwen2.5-7b,page_count,799,3
qwen2.5-7b,page_count,800,3
qwen2.5-7b,page_count,801,3
qwen2.5-7b,page_count,802,3
qwen2.5-7b,page_count,803,3
qwen2.5-7b,page_count,804,3
qwen2.5-7b,page_count,805,3
qwen2.5-7b,page_count,806,3
qwen2.5-7b,page_count,807,3
qwen2.5-7b,page_count,808,3
qwen2.5-7b,page_count,809,3
qwen2.5-7b,page_count,810,3
qwen2.5-7b,page_count,811,3
qwen2.5-7b,page_count,812,3
qwen2.5-7b,page_count,813,3
qwen2.5-7b,page_count,814,3
qwen2.5-7b,page_count,815,3
qwen2.5-7b,page_count,816,3
qwen2.5-7b,page_count,817,3
qwen2.5-7b,page_count,818,3
qwen2.5-7b,page_count,819,3
qwen2.5-7b,page_count,820,3
qwen2.5-7b,page_count,821,3
qwen2.5-7b,page_count,822,3
qwen2.5-7b,page_count,823,3
qwen2.5-7b,page_count,824,3
qwen2.5-7b,page_count,825,3
qwen2.5-7b,page_count,826,3
qwen2.5-7b,page_count,827,3
qwen2.5-7b,page_count,828,3
qwen2.5-7b,page_count,829,3
qwen2.5-7b,page_count,830,3
qwen2.5-7b,page_count,831,3
qwen2.5-7b,page_count,832,3
qwen2.5-7b,page_count,833,3
qwen2.5-7b,page_count,834,3
qwen2.5-7b,page_count,835,3
qwen2.5-7b,page_count,836,3
qwen2.5-7b,page_count,837,3
qwen2.5-7b,page_count,838,3
qwen2.5-7b,page_count,839,3
qwen2.5-7b,page_count,840,3
qwen2.5-7b,page_count,841,3
qwen2.5-7b,page_count,842,3
qwen2.5-7b,page_count,843,3
qwen2.5-7b,page_count,844,3
qwen2.5-7b,page_count,845,3
qwen2.5-7b,page_count,846,3
qwen2.5-7b,page_count,847,3
qwen2.5-7b,page_count,848,3
qwen2.5-7b,page_count,849,3
qwen2.5-7b,page_count,850,3
qwen2.5-7b,page_count,851,3
qwen2.5-7b,page_count,852,3
qwen2.5-7b,page_count,853,3
qwen2.5-7b,page_count,854,3
qwen2.5-7b,page_count,855,3
qwen2.5-7b,page_count,856,3
qwen2.5-7b,page_count,857,3
qwen2.5-7b,page_count,858,3
qwen2.5-7b,page_count,859,3
qwen2.5-7b,page_count,860,3
qwen2.5-7b,page_count,861,3
qwen2.5-7b,page_count,862,3
qwen2.5-7b,page_count,863,3
qwen2.5-7b,page_count,864,3
qwen2.5-7b,page_count,865,3
qwen2.5-7b,page_count,866,3
qwen2.5-7b,page_count,867,3
qwen2.5-7b,page_count,868,3
qwen2.5-7b,page_count,869,3
qwen2.5-7b,page_count,870,3
qwen2.5-7b,page_count,871,3
qwen2.5-7b,page_count,872,3
qwen2.5-7b,page_count,873,3
qwen2.5-7b,page_count,874,3
qwen2.5-7b,page_count,875,3
qwen2.5-7b,page_count,876,3
qwen2.5-7b,page_count,877,3
qwen2.5-7b,page_count,878,3
qwen2.5-7b,page_count,879,3
qwen2.5-7b,page_count,880,3
qwen2.5-7b,page_count,881,3
qwen2.5-7b,page_count,882,3
qwen2.5-7b,page_count,883,3
qwen2.5-7b,page_count,884,3
qwen2.5-7b,page_count,885,3
qwen2.5-7b,page_count,886,3
qwen2.5-7b,page_count,887,3
qwen2.5-7b,page_count,888,3
qwen2.5-7b,page_count,889,3
qwen2.5-7b,page_count,890,3
qwen2.5-7b,page_count,891,3
qwen2.5-7b,page_count,892,3
qwen2.5-7b,page_count,893,3
qwen2.5-7b,page_count,894,3
qwen2.5-7b,page_count,895,3
qwen2.5-7b,page_count,896,3
qwen2.5-7b,page_count,897,3
qwen2.5-7b,page_count,898,3
qwen2.5-7b,page_count,899,3
qwen2.5-7b,page_count,900,3
qwen2.5-7b,page_count,901,3
qwen2.5-7b,page_count,902,3
qwen2.5-7b,page_count,903,3
qwen2.5-7b,page_count,904,3
qwen2.5-7b,page_count,905,3
qwen2.5-7b,page_count,906,3
qwen2.5-7b,page_count,907,3
qwen2.5-7b,page_count,908,3
qwen2.5-7b,page_count,909,3
qwen2.5-7b,page_count,910,3
qwen2.5-7b,page_count,911,3
qwen2.5-7b,page_count,912,3
qwen2.5-7b,page_count,913,3
qwen2.5-7b,page_count,914,3
qwen2.5-7b,page_count,915,3
qwen2.5-7b,page_count,916,3
qwen2.5-7b,page_count,917,3
qwen2.5-7b,page_count,918,3
qwen2.5-7b,page_count,919,3
qwen2.5-7b,page_count,920,3
qwen2.5-7b,page_count,921,3
qwen2.5-7b,page_count,922,3
qwen2.5-7b,page_count,923,3
qwen2.5-7b,page_count,924,3
qwen2.5-7b,page_count,925,3
qwen2.5-7b,page_count,926,3
qwen2.5-7b,page_count,927,3
qwen2.5-7b,page_count,928,3
qwen2.5-7b,page_count,929,3
qwen2.5-7b,page_count,930,3
qwen2.5-7b,page_count,931,3
qwen2.5-7b,page_count,932,3
qwen2.5-7b,page_count,933,3
qwen2.5-7b,page_count,934,3
qwen2.5-7b,page_count,935,3
qwen2.5-7b,page_count,936,3
qwen2.5-7b,page_count,937,3
qwen2.5-7b,page_count,938,3
qwen2.5-7b,page_count,939,3
qwen2.5-7b,page_count,940,3
qwen2.5-7b,page_count,941,3
qwen2.5-7b,page_count,942,3
qwen2.5-7b,page_count,943,3
qwen2.5-7b,page_count,944,3
qwen2.5-7b,page_count,945,3
qwen2.5-7b,page_count,946,3
qwen2.5-7b,page_count,947,3
qwen2.5-7b,page_count,948,3
qwen2.5-7b,page_count,949,3
qwen2.5-7b,page_count,950,3
qwen2.5-7b,page_count,951,3
qwen2.5-7b,page_count,952,3
qwen2.5-7b,page_count,953,3
qwen2.5-7b,page_count,954,3
qwen2.5-7b,page_count,955,3
qwen2.5-7b,page_count,956,3
qwen2.5-7b,page_count,957,3
qwen2.5-7b,page_count,958,3
qwen2.5-7b,page_count,959,3
qwen2.5-7b,page_count,960,3
qwen2.5-7b,page_count,961,3
qwen2.5-7b,page_count,962,3
qwen2.5-7b,page_count,963,3
qwen2.5-7b,page_count,964,3
qwen2.5-7b,page_count,965,3
qwen2.5-7b,page_count,966,3
qwen2.5-7b,page_count,967,3
qwen2.5-7b,page_count,968,3
qwen2.5-7b,page_count,969,3
qwen2.5-7b,page_count,970,3
qwen2.5-7b,page_count,971,3
qwen2.5-7b,page_count,972,3
qwen2.5-7b,page_count,973,3
qwen2.5-7b,page_count,974,3
qwen2.5-7b,page_count,975,3
qwen2.5-7b,page_count,976,3
qwen2.5-7b,page_count,977,3
qwen2.5-7b,page_count,978,3
qwen2.5-7b,page_count,979,3
qwen2.5-7b,page_count,980,3
qwen2.5-7b,page_count,981,3
qwen2.5-7b,page_count,982,3
qwen2.5-7b,page_count,983,3
qwen2.5-7b,page_count,984,3
qwen2.5-7b,page_count,985,3
qwen2.5-7b,page_count,986,3
qwen2.5-7b,page_count,987,3
qwen2.5-7b,page_count,988,3
qwen2.5-7b,page_count,989,3
qwen2.5-7b,page_count,990,3
qwen2.5-7b,page_count,991,3
qwen2.5-7b,page_count,992,3
qwen2.5-7b,page_count,993,3
qwen2.5-7b,page_count,994,3
qwen2.5-7b,page_count,995,3
qwen2.5-7b,page_count,996,3
qwen2.5-7b,page_count,997,3
qwen2.5-7b,page_count,998,3
mistral-7b,temperature,10,2
mistral-7b,temperature,11,2
mistral-7b,temperature,12,2
mistral-7b,temperature,13,2
mistral-7b,temperature,14,2
mistral-7b,temperature,15,2
mistral-7b,temperature,16,2
mistral-7b,temperature,17,2
mistral-7b,temperature,18,2
mistral-7b,temperature,19,2
mistral-7b,temperature,20,2
mistral-7b,temperature,21,2
mistral-7b,temperature,22,2
mistral-7b,temperature,23,2
mistral-7b,temperature,24,2
mistral-7b,temperature,25,2
mistral-7b,temperature,26,2
mistral-7b,temperature,27,2
mistral-7b,temperature,28,2
mistral-7b,temperature,29,2
mistral-7b,temperature,30,2
mistral-7b,temperature,31,2
mistral-7b,temperature,32,2
mistral-7b,temperature,33,2
mistral-7b,temperature,34,2
mistral-7b,temperature,35,2
mistral-7b,temperature,36,2
mistral-7b,temperature,37,2
mistral-7b,temperature,38,2
mistral-7b,temperature,39,2
mistral-7b,temperature,40,2
mistral-7b,temperature,41,2
mistral-7b,temperature,42,2
mistral-7b,temperature,43,2
mistral-7b,temperature,44,2
mistral-7b,temperature,45,2
mistral-7b,temperature,46,2
mistral-7b,temperature,47,2
mistral-7b,temperature,48,2
mistral-7b,temperature,49,2
mistral-7b,temperature,50,2
mistral-7b,temperature,51,2
mistral-7b,temperature,52,2
mistral-7b,temperature,53,2
mistral-7b,temperature,54,2
mistral-7b,temperature,55,2
mistral-7b,temperature,56,2
mistral-7b,temperature,57,2
mistral-7b,temperature,58,2
mistral-7b,temperature,59,2
mistral-7b,temperature,60,2
mistral-7b,temperature,61,2
mistral-7b,temperature,62,2
mistral-7b,temperature,63,2
mistral-7b,temperature,64,2
mistral-7b,temperature,65,2
mistral-7b,temperature,66,2
mistral-7b,temperature,67,2
mistral-7b,temperature,68,2
mistral-7b,temperature,69,2
mistral-7b,temperature,70,2
mistral-7b,temperature,71,2
mistral-7b,temperature,72,2
mistral-7b,temperature,73,2
mistral-7b,temperature,74,2
mistral-7b,temperature,75,2
mistral-7b,temperature,76,2
mistral-7b,temperature,77,2
mistral-7b,temperature,78,2
mistral-7b,temperature,79,2
mistral-7b,temperature,80,2
mistral-7b,temperature,81,2
mistral-7b,temperature,82,2
mistral-7b,temperature,83,2
mistral-7b,temperature,84,2
mistral-7b,temperature,85,2
mistral-7b,temperature,86,2
mistral-7b,temperature,87,2
mistral-7b,temperature,88,2
mistral-7b,temperature,89,2
mistral-7b,temperature,90,2
mistral-7b,temperature,91,2
mistral-7b,temperature,92,2
mistral-7b,temperature,93,2
mistral-7b,temperature,94,2
mistral-7b,temperature,95,2
mistral-7b,temperature,96,2
mistral-7b,temperature,97,2
mistral-7b,temperature,98,2
mistral-7b,temperature,99,2
mistral-7b,temperature,100,3
mistral-7b,temperature,101,3
mistral-7b,temperature,102,3
mistral-7b,temperature,103,3
mistral-7b,temperature,104,3
mistral-7b,temperature,105,3
mistral-7b,temperature,106,3
mistral-7b,temperature,107,3
mistral-7b,temperature,108,3
mistral-7b,temperature,109,3
mistral-7b,temperature,110,3
mistral-7b,temperature,111,3
mistral-7b,temperature,112,3
mistral-7b,temperature,113,3
mistral-7b,temperature,114,3
mistral-7b,temperature,115,3
mistral-7b,temperature,116,3
mistral-7b,temperature,117,3
mistral-7b,temperature,118,3
mistral-7b,temperature,119,3
mistral-7b,temperature,120,3
mistral-7b,temperature,121,3
mistral-7b,temperature,122,3
mistral-7b,temperature,123,3
mistral-7b,temperature,124,3
mistral-7b,temperature,125,3
mistral-7b,temperature,126,3
mistral-7b,temperature,127,3
mistral-7b,temperature,128,3
mistral-7b,temperature,129,3
mistral-7b,temperature,130,3
mistral-7b,temperature,131,3
mistral-7b,temperature,132,3
mistral-7b,temperature,133,3
mistral-7b,temperature,134,3
mistral-7b,temperature,135,3
mistral-7b,temperature,136,3
mistral-7b,temperature,137,3
mistral-7b,temperature,138,3
mistral-7b,temperature,139,3
mistral-7b,temperature,140,3
mistral-7b,temperature,141,3
mistral-7b,temperature,142,3
mistral-7b,temperature,143,3
mistral-7b,temperature,144,3
mistral-7b,temperature,145,3
mistral-7b,temperature,146,3
mistral-7b,temperature,147,3
mistral-7b,temperature,148,3
mistral-7b,temperature,149,3
mistral-7b,temperature,150,3
mistral-7b,temperature,151,3
mistral-7b,temperature,152,3
mistral-7b,temperature,153,3
mistral-7b,temperature,154,3
mistral-7b,temperature,155,3
mistral-7b,temperature,156,3
mistral-7b,temperature,157,3
mistral-7b,temperature,158,3
mistral-7b,temperature,159,3
mistral-7b,temperature,160,3
mistral-7b,temperature,161,3
mistral-7b,temperature,162,3
mistral-7b,temperature,163,3
mistral-7b,temperature,164,3
mistral-7b,temperature,165,3
mistral-7b,temperature,166,3
mistral-7b,temperature,167,3
mistral-7b,temperature,168,3
mistral-7b,temperature,169,3
mistral-7b,temperature,170,3
mistral-7b,temperature,171,3
mistral-7b,temperature,172,3
mistral-7b,temperature,173,3
mistral-7b,temperature,174,3
mistral-7b,temperature,175,3
mistral-7b,temperature,176,3
mistral-7b,temperature,177,3
mistral-7b,temperature,178,3
mistral-7b,temperature,179,3
mistral-7b,temperature,180,3
mistral-7b,temperature,181,3
mistral-7b,temperature,182,3
mistral-7b,temperature,183,3
mistral-7b,temperature,184,3
mistral-7b,temperature,185,3
mistral-7b,temperature,186,3
mistral-7b,temperature,187,3
mistral-7b,temperature,188,3
mistral-7b,temperature,189,3
mistral-7b,temperature,190,3
mistral-7b,temperature,191,3
mistral-7b,temperature,192,3
mistral-7b,temperature,193,3
mistral-7b,temperature,194,3
mistral-7b,temperature,195,3
mistral-7b,temperature,196,3
mistral-7b,temperature,197,3
mistral-7b,temperature,198,3
mistral-7b,temperature,199,3
mistral-7b,temperature,200,3
mistral-7b,temperature,201,3
mistral-7b,temperature,202,3
mistral-7b,temperature,203,3
mistral-7b,temperature,204,3
mistral-7b,temperature,205,3
mistral-7b,temperature,206,3
mistral-7b,temperature,207,3
mistral-7b,temperature,208,3
mistral-7b,temperature,209,3
mistral-7b,temperature,210,3
mistral-7b,temperature,211,3
mistral-7b,temperature,212,3
mistral-7b,temperature,213,3
mistral-7b,temperature,214,3
mistral-7b,temperature,215,3
mistral-7b,temperature,216,3
mistral-7b,temperature,217,3
mistral-7b,temperature,218,3
mistral-7b,temperature,219,3
mistral-7b,temperature,220,3
mistral-7b,temperature,221,3
mistral-7b,temperature,222,3
mistral-7b,temperature,223,3
mistral-7b,temperature,224,3
mistral-7b,temperature,225,3
mistral-7b,temperature,226,3
mistral-7b,temperature,227,3
mistral-7b,temperature,228,3
mistral-7b,temperature,229,3
mistral-7b,temperature,230,3
mistral-7b,temperature,231,3
mistral-7b,temperature,232,3
mistral-7b,temperature,233,3
mistral-7b,temperature,234,3
mistral-7b,temperature,235,3
mistral-7b,temperature,236,3
mistral-7b,temperature,237,3
mistral-7b,temperature,238,3
mistral-7b,temperature,239,3
mistral-7b,temperature,240,3
mistral-7b,temperature,241,3
mistral-7b,temperature,242,3
mistral-7b,temperature,243,3
mistral-7b,temperature,244,3
mistral-7b,temperature,245,3
mistral-7b,temperature,246,3
mistral-7b,temperature,247,3
mistral-7b,temperature,248,3
mistral-7b,temperature,249,3
mistral-7b,temperature,250,3
mistral-7b,temperature,251,3
mistral-7b,temperature,252,3
mistral-7b,temperature,253,3
mistral-7b,temperature,254,3
mistral-7b,temperature,255,3
mistral-7b,temperature,256,3
mistral-7b,temperature,257,3
mistral-7b,temperature,258,3
mistral-7b,temperature,259,3
mistral-7b,temperature,260,3
mistral-7b,temperature,261,3
mistral-7b,temperature,262,3
mistral-7b,temperature,263,3
mistral-7b,temperature,264,3
mistral-7b,temperature,265,3
mistral-7b,temperature,266,3
mistral-7b,temperature,267,3
mistral-7b,temperature,268,3
mistral-7b,temperature,269,3
mistral-7b,temperature,270,3
mistral-7b,temperature,271,3
mistral-7b,temperature,272,3
mistral-7b,temperature,273,3
mistral-7b,temperature,274,3
mistral-7b,temperature,275,3
mistral-7b,temperature,276,3
mistral-7b,temperature,277,3
mistral-7b,temperature,278,3
mistral-7b,temperature,279,3
mistral-7b,temperature,280,3
mistral-7b,temperature,281,3
mistral-7b,temperature,282,3
mistral-7b,temperature,283,3
mistral-7b,temperature,284,3
mistral-7b,temperature,285,3
mistral-7b,temperature,286,3
mistral-7b,temperature,287,3
mistral-7b,temperature,288,3
mistral-7b,temperature,289,3
mistral-7b,temperature,290,3
mistral-7b,temperature,291,3
mistral-7b,temperature,292,3
mistral-7b,temperature,293,3
mistral-7b,temperature,294,3
mistral-7b,temperature,295,3
mistral-7b,temperature,296,3
mistral-7b,temperature,297,3
mistral-7b,temperature,298,3
mistral-7b,temperature,299,3
mistral-7b,temperature,300,3
mistral-7b,temperature,301,3
mistral-7b,temperature,302,3
mistral-7b,temperature,303,3
mistral-7b,temperature,304,3
mistral-7b,temperature,305,3
mistral-7b,temperature,306,3
mistral-7b,temperature,307,3
mistral-7b,temperature,308,3
mistral-7b,temperature,309,3
mistral-7b,temperature,310,3
mistral-7b,temperature,311,3
mistral-7b,temperature,312,3
mistral-7b,temperature,313,3
mistral-7b,temperature,314,3
mistral-7b,temperature,315,3
mistral-7b,temperature,316,3
mistral-7b,temperature,317,3
mistral-7b,temperature,318,3
mistral-7b,temperature,319,3
mistral-7b,temperature,320,3
mistral-7b,temperature,321,3
mistral-7b,temperature,322,3
mistral-7b,temperature,323,3
mistral-7b,temperature,324,3
mistral-7b,temperature,325,3
mistral-7b,temperature,326,3
mistral-7b,temperature,327,3
mistral-7b,temperature,328,3
mistral-7b,temperature,329,3
mistral-7b,temperature,330,3
mistral-7b,temperature,331,3
mistral-7b,temperature,332,3
mistral-7b,temperature,333,3
mistral-7b,temperature,334,3
mistral-7b,temperature,335,3
mistral-7b,temperature,336,3
mistral-7b,temperature,337,3
mistral-7b,temperature,338,3
mistral-7b,temperature,339,3
mistral-7b,temperature,340,3
mistral-7b,temperature,341,3
mistral-7b,temperature,342,3
mistral-7b,temperature,343,3
mistral-7b,temperature,344,3
mistral-7b,temperature,345,3
mistral-7b,temperature,346,3
mistral-7b,temperature,347,3
mistral-7b,temperature,348,3
mistral-7b,temperature,349,3
mistral-7b,temperature,350,3
mistral-7b,temperature,351,3
mistral-7b,temperature,352,3
mistral-7b,temperature,353,3
mistral-7b,temperature,354,3
mistral-7b,temperature,355,3
mistral-7b,temperature,356,3
mistral-7b,temperature,357,3
mistral-7b,temperature,358,3
mistral-7b,temperature,359,3
mistral-7b,temperature,360,3
mistral-7b,temperature,361,3
mistral-7b,temperature,362,3
mistral-7b,temperature,363,3
mistral-7b,temperature,364,3
mistral-7b,temperature,365,3
mistral-7b,temperature,366,3
mistral-7b,temperature,367,3
mistral-7b,temperature,368,3
mistral-7b,temperature,369,3
mistral-7b,temperature,370,3
mistral-7b,temperature,371,3
mistral-7b,temperature,372,3
mistral-7b,temperature,373,3
mistral-7b,temperature,374,3
mistral-7b,temperature,375,3
mistral-7b,temperature,376,3
mistral-7b,temperature,377,3
mistral-7b,temperature,378,3
mistral-7b,temperature,379,3
mistral-7b,temperature,380,3
mistral-7b,temperature,381,3
mistral-7b,temperature,382,3
mistral-7b,temperature,383,3
mistral-7b,temperature,384,3
mistral-7b,temperature,385,3
mistral-7b,temperature,386,3
mistral-7b,temperature,387,3
mistral-7b,temperature,388,3
mistral-7b,temperature,389,3
mistral-7b,temperature,390,3
mistral-7b,temperature,391,3
mistral-7b,temperature,392,3
mistral-7b,temperature,393,3
mistral-7b,temperature,394,3
mistral-7b,temperature,395,3
mistral-7b,temperature,396,3
mistral-7b,temperature,397,3
mistral-7b,temperature,398,3
mistral-7b,temperature,399,3
mistral-7b,temperature,400,3
mistral-7b,temperature,401,3
mistral-7b,temperature,402,3
mistral-7b,temperature,403,3
mistral-7b,temperature,404,3
mistral-7b,temperature,405,3
mistral-7b,temperature,406,3
mistral-7b,temperature,407,3
mistral-7b,temperature,408,3
mistral-7b,temperature,409,3
mistral-7b,temperature,410,3
mistral-7b,temperature,411,3
mistral-7b,temperature,412,3
mistral-7b,temperature,413,3
mistral-7b,temperature,414,3
mistral-7b,temperature,415,3
mistral-7b,temperature,416,3
mistral-7b,temperature,417,3
mistral-7b,temperature,418,3
mistral-7b,temperature,419,3
mistral-7b,temperature,420,3
mistral-7b,temperature,421,3
mistral-7b,temperature,422,3
mistral-7b,temperature,423,3
mistral-7b,temperature,424,3
mistral-7b,temperature,425,3
mistral-7b,temperature,426,3
mistral-7b,temperature,427,3
mistral-7b,temperature,428,3
mistral-7b,temperature,429,3
mistral-7b,temperature,430,3
mistral-7b,temperature,431,3
mistral-7b,temperature,432,3
mistral-7b,temperature,433,3
mistral-7b,temperature,434,3
mistral-7b,temperature,435,3
mistral-7b,temperature,436,3
mistral-7b,temperature,437,3
mistral-7b,temperature,438,3
mistral-7b,temperature,439,3
mistral-7b,temperature,440,3
mistral-7b,temperature,441,3
mistral-7b,temperature,442,3
mistral-7b,temperature,443,3
mistral-7b,temperature,444,3
mistral-7b,temperature,445,3
mistral-7b,temperature,446,3
mistral-7b,temperature,447,3
mistral-7b,temperature,448,3
mistral-7b,temperature,449,3
mistral-7b,temperature,450,3
mistral-7b,temperature,451,3
mistral-7b,temperature,452,3
mistral-7b,temperature,453,3
mistral-7b,temperature,454,3
mistral-7b,temperature,455,3
mistral-7b,temperature,456,3
mistral-7b,temperature,457,3
mistral-7b,temperature,458,3
mistral-7b,temperature,459,3
mistral-7b,temperature,460,3
mistral-7b,temperature,461,3
mistral-7b,temperature,462,3
mistral-7b,temperature,463,3
mistral-7b,temperature,464,3
mistral-7b,temperature,465,3
mistral-7b,temperature,466,3
mistral-7b,temperature,467,3
mistral-7b,temperature,468,3
mistral-7b,temperature,469,3
mistral-7b,temperature,470,3
mistral-7b,temperature,471,3
mistral-7b,temperature,472,3
mistral-7b,temperature,473,3
mistral-7b,temperature,474,3
mistral-7b,temperature,475,3
mistral-7b,temperature,476,3
mistral-7b,temperature,477,3
mistral-7b,temperature,478,3
mistral-7b,temperature,479,3
mistral-7b,temperature,480,3
mistral-7b,temperature,481,3
mistral-7b,temperature,482,3
mistral-7b,temperature,483,3
mistral-7b,temperature,484,3
mistral-7b,temperature,485,3
mistral-7b,temperature,486,3
mistral-7b,temperature,487,3
mistral-7b,temperature,488,3
mistral-7b,temperature,489,3
mistral-7b,temperature,490,3
mistral-7b,temperature,491,3
mistral-7b,temperature,492,3
mistral-7b,temperature,493,3
mistral-7b,temperature,494,3
mistral-7b,temperature,495,3
mistral-7b,temperature,496,3
mistral-7b,temperature,497,3
mistral-7b,temperature,498,3
mistral-7b,temperature,499,3
mistral-7b,temperature,500,3
mistral-7b,temperature,501,3
mistral-7b,temperature,502,3
mistral-7b,temperature,503,3
mistral-7b,temperature,504,3
mistral-7b,temperature,505,3
mistral-7b,temperature,506,3
mistral-7b,temperature,507,3
mistral-7b,temperature,508,3
mistral-7b,temperature,509,3
mistral-7b,temperature,510,3
mistral-7b,temperature,511,3
mistral-7b,temperature,512,3
mistral-7b,temperature,513,3
mistral-7b,temperature,514,3
mistral-7b,temperature,515,3
mistral-7b,temperature,516,3
mistral-7b,temperature,517,3
mistral-7b,temperature,518,3
mistral-7b,temperature,519,3
mistral-7b,temperature,520,3
mistral-7b,temperature,521,3
mistral-7b,temperature,522,3
mistral-7b,temperature,523,3
mistral-7b,temperature,524,3
mistral-7b,temperature,525,3
mistral-7b,temperature,526,3
mistral-7b,temperature,527,3
mistral-7b,temperature,528,3
mistral-7b,temperature,529,3
mistral-7b,temperature,530,3
mistral-7b,temperature,531,3
mistral-7b,temperature,532,3
mistral-7b,temperature,533,3
mistral-7b,temperature,534,3
mistral-7b,temperature,535,3
mistral-7b,temperature,536,3
mistral-7b,temperature,537,3
mistral-7b,temperature,538,3
mistral-7b,temperature,539,3
mistral-7b,temperature,540,3
mistral-7b,temperature,541,3
mistral-7b,temperature,542,3
mistral-7b,temperature,543,3
mistral-7b,temperature,544,3
mistral-7b,temperature,545,3
mistral-7b,temperature,546,3
mistral-7b,temperature,547,3
mistral-7b,temperature,548,3
mistral-7b,temperature,549,3
mistral-7b,temperature,550,3
mistral-7b,temperature,551,3
mistral-7b,temperature,552,3
mistral-7b,temperature,553,3
mistral-7b,temperature,554,3
mistral-7b,temperature,555,3
mistral-7b,temperature,556,3
mistral-7b,temperature,557,3
mistral-7b,temperature,558,3
mistral-7b,temperature,559,3
mistral-7b,temperature,560,3
mistral-7b,temperature,561,3
mistral-7b,temperature,562,3
mistral-7b,temperature,563,3
mistral-7b,temperature,564,3
mistral-7b,temperature,565,3
mistral-7b,temperature,566,3
mistral-7b,temperature,567,3
mistral-7b,temperature,568,3
mistral-7b,temperature,569,3
mistral-7b,temperature,570,3
mistral-7b,temperature,571,3
mistral-7b,temperature,572,3
mistral-7b,temperature,573,3
mistral-7b,temperature,574,3
mistral-7b,temperature,575,3
mistral-7b,temperature,576,3
mistral-7b,temperature,577,3
mistral-7b,temperature,578,3
mistral-7b,temperature,579,3
mistral-7b,temperature,580,3
mistral-7b,temperature,581,3
mistral-7b,temperature,582,3
mistral-7b,temperature,583,3
mistral-7b,temperature,584,3
mistral-7b,temperature,585,3
mistral-7b,temperature,586,3
mistral-7b,temperature,587,3
mistral-7b,temperature,588,3
mistral-7b,temperature,589,3
mistral-7b,temperature,590,3
mistral-7b,temperature,591,3
mistral-7b,temperature,592,3
mistral-7b,temperature,593,3
mistral-7b,temperature,594,3
mistral-7b,temperature,595,3
mistral-7b,temperature,596,3
mistral-7b,temperature,597,3
mistral-7b,temperature,598,3
mistral-7b,temperature,599,3
mistral-7b,temperature,600,3
mistral-7b,temperature,601,3
mistral-7b,temperature,602,3
mistral-7b,temperature,603,3
mistral-7b,temperature,604,3
mistral-7b,temperature,605,3
mistral-7b,temperature,606,3
mistral-7b,temperature,607,3
mistral-7b,temperature,608,3
mistral-7b,temperature,609,3
mistral-7b,temperature,610,3
mistral-7b,temperature,611,3
mistral-7b,temperature,612,3
mistral-7b,temperature,613,3
mistral-7b,temperature,614,3
mistral-7b,temperature,615,3
mistral-7b,temperature,616,3
mistral-7b,temperature,617,3
mistral-7b,temperature,618,3
mistral-7b,temperature,619,3
mistral-7b,temperature,620,3
mistral-7b,temperature,621,3
mistral-7b,temperature,622,3
mistral-7b,temperature,623,3
mistral-7b,temperature,624,3
mistral-7b,temperature,625,3
mistral-7b,temperature,626,3
mistral-7b,temperature,627,3
mistral-7b,temperature,628,3
mistral-7b,temperature,629,3
mistral-7b,temperature,630,3
mistral-7b,temperature,631,3
mistral-7b,temperature,632,3
mistral-7b,temperature,633,3
mistral-7b,temperature,634,3
mistral-7b,temperature,635,3
mistral-7b,temperature,636,3
mistral-7b,temperature,637,3
mistral-7b,temperature,638,3
mistral-7b,temperature,639,3
mistral-7b,temperature,640,3
mistral-7b,temperature,641,3
mistral-7b,temperature,642,3
mistral-7b,temperature,643,3
mistral-7b,temperature,644,3
mistral-7b,temperature,645,3
mistral-7b,temperature,646,3
mistral-7b,temperature,647,3
mistral-7b,temperature,648,3
mistral-7b,temperature,649,3
mistral-7b,temperature,650,3
mistral-7b,temperature,651,3
mistral-7b,temperature,652,3
mistral-7b,temperature,653,3
mistral-7b,temperature,654,3
mistral-7b,temperature,655,3
mistral-7b,temperature,656,3
mistral-7b,temperature,657,3
mistral-7b,temperature,658,3
mistral-7b,temperature,659,3
mistral-7b,temperature,660,3
mistral-7b,temperature,661,3
mistral-7b,temperature,662,3
mistral-7b,temperature,663,3
mistral-7b,temperature,664,3
mistral-7b,temperature,665,3
mistral-7b,temperature,666,3
mistral-7b,temperature,667,3
mistral-7b,temperature,668,3
mistral-7b,temperature,669,3
mistral-7b,temperature,670,3
mistral-7b,temperature,671,3
mistral-7b,temperature,672,3
mistral-7b,temperature,673,3
mistral-7b,temperature,674,3
mistral-7b,temperature,675,3
mistral-7b,temperature,676,3
mistral-7b,temperature,677,3
mistral-7b,temperature,678,3
mistral-7b,temperature,679,3
mistral-7b,temperature,680,3
mistral-7b,temperature,681,3
mistral-7b,temperature,682,3
mistral-7b,temperature,683,3
mistral-7b,temperature,684,3
mistral-7b,temperature,685,3
mistral-7b,temperature,686,3
mistral-7b,temperature,687,3
mistral-7b,temperature,688,3
mistral-7b,temperature,689,3
mistral-7b,temperature,690,3
mistral-7b,temperature,691,3
mistral-7b,temperature,692,3
mistral-7b,temperature,693,3
mistral-7b,temperature,694,3
mistral-7b,temperature,695,3
mistral-7b,temperature,696,3
mistral-7b,temperature,697,3
mistral-7b,temperature,698,3
mistral-7b,temperature,699,3
mistral-7b,temperature,700,3
mistral-7b,temperature,701,3
mistral-7b,temperature,702,3
mistral-7b,temperature,703,3
mistral-7b,temperature,704,3
mistral-7b,temperature,705,3
mistral-7b,temperature,706,3
mistral-7b,temperature,707,3
mistral-7b,temperature,708,3
mistral-7b,temperature,709,3
mistral-7b,temperature,710,3
mistral-7b,temperature,711,3
mistral-7b,temperature,712,3
mistral-7b,temperature,713,3
mistral-7b,temperature,714,3
mistral-7b,temperature,715,3
mistral-7b,temperature,716,3
mistral-7b,temperature,717,3
mistral-7b,temperature,718,3
mistral-7b,temperature,719,3
mistral-7b,temperature,720,3
mistral-7b,temperature,721,3
mistral-7b,temperature,722,3
mistral-7b,temperature,723,3
mistral-7b,temperature,724,3
mistral-7b,temperature,725,3
mistral-7b,temperature,726,3
mistral-7b,temperature,727,3
mistral-7b,temperature,728,3
mistral-7b,temperature,729,3
mistral-7b,temperature,730,3
mistral-7b,temperature,731,3
mistral-7b,temperature,732,3
mistral-7b,temperature,733,3
mistral-7b,temperature,734,3
mistral-7b,temperature,735,3
mistral-7b,temperature,736,3
mistral-7b,temperature,737,3
mistral-7b,temperature,738,3
mistral-7b,temperature,739,3
mistral-7b,temperature,740,3
mistral-7b,temperature,741,3
mistral-7b,temperature,742,3
mistral-7b,temperature,743,3
mistral-7b,temperature,744,3
mistral-7b,temperature,745,3
mistral-7b,temperature,746,3
mistral-7b,temperature,747,3
mistral-7b,temperature,748,3
mistral-7b,temperature,749,3
mistral-7b,temperature,750,3
mistral-7b,temperature,751,3
mistral-7b,temperature,752,3
mistral-7b,temperature,753,3
mistral-7b,temperature,754,3
mistral-7b,temperature,755,3
mistral-7b,temperature,756,3
mistral-7b,temperature,757,3
mistral-7b,temperature,758,3
mistral-7b,temperature,759,3
mistral-7b,temperature,760,3
mistral-7b,temperature,761,3
mistral-7b,temperature,762,3
mistral-7b,temperature,763,3
mistral-7b,temperature,764,3
mistral-7b,temperature,765,3
mistral-7b,temperature,766,3
mistral-7b,temperature,767,3
mistral-7b,temperature,768,3
mistral-7b,temperature,769,3
mistral-7b,temperature,770,3
mistral-7b,temperature,771,3
mistral-7b,temperature,772,3
mistral-7b,temperature,773,3
mistral-7b,temperature,774,3
mistral-7b,temperature,775,3
mistral-7b,temperature,776,3
mistral-7b,temperature,777,3
mistral-7b,temperature,778,3
mistral-7b,temperature,779,3
mistral-7b,temperature,780,3
mistral-7b,temperature,781,3
mistral-7b,temperature,782,3
mistral-7b,temperature,783,3
mistral-7b,temperature,784,3
mistral-7b,temperature,785,3
mistral-7b,temperature,786,3
mistral-7b,temperature,787,3
mistral-7b,temperature,788,3
mistral-7b,temperature,789,3
mistral-7b,temperature,790,3
mistral-7b,temperature,791,3
mistral-7b,temperature,792,3
mistral-7b,temperature,793,3
mistral-7b,temperature,794,3
mistral-7b,temperature,795,3
mistral-7b,temperature,796,3
mistral-7b,temperature,797,3
mistral-7b,temperature,798,3
mistral-7b,temperature,799,3
mistral-7b,temperature,800,3
mistral-7b,temperature,801,3
mistral-7b,temperature,802,3
mistral-7b,temperature,803,3
mistral-7b,temperature,804,3
mistral-7b,temperature,805,3
mistral-7b,temperature,806,3
mistral-7b,temperature,807,3
mistral-7b,temperature,808,3
mistral-7b,temperature,809,3
mistral-7b,temperature,810,3
mistral-7b,temperature,811,3
mistral-7b,temperature,812,3
mistral-7b,temperature,813,3
mistral-7b,temperature,814,3
mistral-7b,temperature,815,3
mistral-7b,temperature,816,3
mistral-7b,temperature,817,3
mistral-7b,temperature,818,3
mistral-7b,temperature,819,3
mistral-7b,temperature,820,3
mistral-7b,temperature,821,3
mistral-7b,temperature,822,3
mistral-7b,temperature,823,3
mistral-7b,temperature,824,3
mistral-7b,temperature,825,3
mistral-7b,temperature,826,3
mistral-7b,temperature,827,3
mistral-7b,temperature,828,3
mistral-7b,temperature,829,3
mistral-7b,temperature,830,3
mistral-7b,temperature,831,3
mistral-7b,temperature,832,3
mistral-7b,temperature,833,3
mistral-7b,temperature,834,3
mistral-7b,temperature,835,3
mistral-7b,temperature,836,3
mistral-7b,temperature,837,3
mistral-7b,temperature,838,3
mistral-7b,temperature,839,3
mistral-7b,temperature,840,3
mistral-7b,temperature,841,3
mistral-7b,temperature,842,3
mistral-7b,temperature,843,3
mistral-7b,temperature,844,3
mistral-7b,temperature,845,3
mistral-7b,temperature,846,3
mistral-7b,temperature,847,3
mistral-7b,temperature,848,3
mistral-7b,temperature,849,3
mistral-7b,temperature,850,3
mistral-7b,temperature,851,3
mistral-7b,temperature,852,3
mistral-7b,temperature,853,3
mistral-7b,temperature,854,3
mistral-7b,temperature,855,3
mistral-7b,temperature,856,3
mistral-7b,temperature,857,3
mistral-7b,temperature,858,3
mistral-7b,temperature,859,3
mistral-7b,temperature,860,3
mistral-7b,temperature,861,3
mistral-7b,temperature,862,3
mistral-7b,temperature,863,3
mistral-7b,temperature,864,3
mistral-7b,temperature,865,3
mistral-7b,temperature,866,3
mistral-7b,temperature,867,3
mistral-7b,temperature,868,3
mistral-7b,temperature,869,3
mistral-7b,temperature,870,3
mistral-7b,temperature,871,3
mistral-7b,temperature,872,3
mistral-7b,temperature,873,3
mistral-7b,temperature,874,3
mistral-7b,temperature,875,3
mistral-7b,temperature,876,3
mistral-7b,temperature,877,3
mistral-7b,temperature,878,3
mistral-7b,temperature,879,3
mistral-7b,temperature,880,3
mistral-7b,temperature,881,3
mistral-7b,temperature,882,3
mistral-7b,temperature,883,3
mistral-7b,temperature,884,3
mistral-7b,temperature,885,3
mistral-7b,temperature,886,3
mistral-7b,temperature,887,3
mistral-7b,temperature,888,3
mistral-7b,temperature,889,3
mistral-7b,temperature,890,3
mistral-7b,temperature,891,3
mistral-7b,temperature,892,3
mistral-7b,temperature,893,3
mistral-7b,temperature,894,3
mistral-7b,temperature,895,3
mistral-7b,temperature,896,3
mistral-7b,temperature,897,3
mistral-7b,temperature,898,3
mistral-7b,temperature,899,3
mistral-7b,temperature,900,3
mistral-7b,temperature,901,3
mistral-7b,temperature,902,3
mistral-7b,temperature,903,3
mistral-7b,temperature,904,3
mistral-7b,temperature,905,3
mistral-7b,temperature,906,3
mistral-7b,temperature,907,3
mistral-7b,temperature,908,3
mistral-7b,temperature,909,3
mistral-7b,temperature,910,3
mistral-7b,temperature,911,3
mistral-7b,temperature,912,3
mistral-7b,temperature,913,3
mistral-7b,temperature,914,3
mistral-7b,temperature,915,3
mistral-7b,temperature,916,3
mistral-7b,temperature,917,3
mistral-7b,temperature,918,3
mistral-7b,temperature,919,3
mistral-7b,temperature,920,3
mistral-7b,temperature,921,3
mistral-7b,temperature,922,3
mistral-7b,temperature,923,3
mistral-7b,temperature,924,3
mistral-7b,temperature,925,3
mistral-7b,temperature,926,3
mistral-7b,temperature,927,3
mistral-7b,temperature,928,3
mistral-7b,temperature,929,3
mistral-7b,temperature,930,3
mistral-7b,temperature,931,3
mistral-7b,temperature,932,3
mistral-7b,temperature,933,3
mistral-7b,temperature,934,3
mistral-7b,temperature,935,3
mistral-7b,temperature,936,3
mistral-7b,temperature,937,3
mistral-7b,temperature,938,3
mistral-7b,temperature,939,3
mistral-7b,temperature,940,3
mistral-7b,temperature,941,3
mistral-7b,temperature,942,3
mistral-7b,temperature,943,3
mistral-7b,temperature,944,3
mistral-7b,temperature,945,3
mistral-7b,temperature,946,3
mistral-7b,temperature,947,3
mistral-7b,temperature,948,3
mistral-7b,temperature,949,3
mistral-7b,temperature,950,3
mistral-7b,temperature,951,3
mistral-7b,temperature,952,3
mistral-7b,temperature,953,3
mistral-7b,temperature,954,3
mistral-7b,temperature,955,3
mistral-7b,temperature,956,3
mistral-7b,temperature,957,3
mistral-7b,temperature,958,3
mistral-7b,temperature,959,3
mistral-7b,temperature,960,3
mistral-7b,temperature,961,3
mistral-7b,temperature,962,3
mistral-7b,temperature,963,3
mistral-7b,temperature,964,3
mistral-7b,temperature,965,3
mistral-7b,temperature,966,3
mistral-7b,temperature,967,3
mistral-7b,temperature,968,3
mistral-7b,temperature,969,3
mistral-7b,temperature,970,3
mistral-7b,temperature,971,3
mistral-7b,temperature,972,3
mistral-7b,temperature,973,3
mistral-7b,temperature,974,3
mistral-7b,temperature,975,3
mistral-7b,temperature,976,3
mistral-7b,temperature,977,3
mistral-7b,temperature,978,3
mistral-7b,temperature,979,3
mistral-7b,temperature,980,3
mistral-7b,temperature,981,3
mistral-7b,temperature,982,3
mistral-7b,temperature,983,3
mistral-7b,temperature,984,3
mistral-7b,temperature,985,3
mistral-7b,temperature,986,3
mistral-7b,temperature,987,3
mistral-7b,temperature,988,3
mistral-7b,temperature,989,3
mistral-7b,temperature,990,3
mistral-7b,temperature,991,3
mistral-7b,temperature,992,3
mistral-7b,temperature,993,3
mistral-7b,temperature,994,3
mistral-7b,temperature,995,3
mistral-7b,temperature,996,3
mistral-7b,temperature,997,3
mistral-7b,temperature,998,3
mistral-7b,stock_price,5,1
mistral-7b,stock_price,6,1
mistral-7b,stock_price,7,1
mistral-7b,stock_price,8,1
mistral-7b,stock_price,9,1
mistral-7b,stock_price,10,2
mistral-7b,stock_price,11,2
mistral-7b,stock_price,12,2
mistral-7b,stock_price,13,2
mistral-7b,stock_price,14,2
mistral-7b,stock_price,15,2
mistral-7b,stock_price,16,2
mistral-7b,stock_price,17,2
mistral-7b,stock_price,18,2
mistral-7b,stock_price,19,2
mistral-7b,stock_price,20,2
mistral-7b,stock_price,21,2
mistral-7b,stock_price,22,2
mistral-7b,stock_price,23,2
mistral-7b,stock_price,24,2
mistral-7b,stock_price,25,2
mistral-7b,stock_price,26,2
mistral-7b,stock_price,27,2
mistral-7b,stock_price,28,2
mistral-7b,stock_price,29,2
mistral-7b,stock_price,30,2
mistral-7b,stock_price,31,2
mistral-7b,stock_price,32,2
mistral-7b,stock_price,33,2
mistral-7b,stock_price,34,2
mistral-7b,stock_price,35,2
mistral-7b,stock_price,36,2
mistral-7b,stock_price,37,2
mistral-7b,stock_price,38,2
mistral-7b,stock_price,39,2
mistral-7b,stock_price,40,2
mistral-7b,stock_price,41,2
mistral-7b,stock_price,42,2
mistral-7b,stock_price,43,2
mistral-7b,stock_price,44,2
mistral-7b,stock_price,45,2
mistral-7b,stock_price,46,2
mistral-7b,stock_price,47,2
mistral-7b,stock_price,48,2
mistral-7b,stock_price,49,2
mistral-7b,stock_price,50,2
mistral-7b,stock_price,51,2
mistral-7b,stock_price,52,2
mistral-7b,stock_price,53,2
mistral-7b,stock_price,54,2
mistral-7b,stock_price,55,2
mistral-7b,stock_price,56,2
mistral-7b,stock_price,57,2
mistral-7b,stock_price,58,2
mistral-7b,stock_price,59,2
mistral-7b,stock_price,60,2
mistral-7b,stock_price,61,2
mistral-7b,stock_price,62,2
mistral-7b,stock_price,63,2
mistral-7b,stock_price,64,2
mistral-7b,stock_price,65,2
mistral-7b,stock_price,66,2
mistral-7b,stock_price,67,2
mistral-7b,stock_price,68,2
mistral-7b,stock_price,69,2
mistral-7b,stock_price,70,2
mistral-7b,stock_price,71,2
mistral-7b,stock_price,72,2
mistral-7b,stock_price,73,2
mistral-7b,stock_price,74,2
mistral-7b,stock_price,75,2
mistral-7b,stock_price,76,2
mistral-7b,stock_price,77,2
mistral-7b,stock_price,78,2
mistral-7b,stock_price,79,2
mistral-7b,stock_price,80,2
mistral-7b,stock_price,81,2
mistral-7b,stock_price,82,2
mistral-7b,stock_price,83,2
mistral-7b,stock_price,84,2
mistral-7b,stock_price,85,2
mistral-7b,stock_price,86,2
mistral-7b,stock_price,87,2
mistral-7b,stock_price,88,2
mistral-7b,stock_price,89,2
mistral-7b,stock_price,90,2
mistral-7b,stock_price,91,2
mistral-7b,stock_price,92,2
mistral-7b,stock_price,93,2
mistral-7b,stock_price,94,2
mistral-7b,stock_price,95,2
mistral-7b,stock_price,96,2
mistral-7b,stock_price,97,2
mistral-7b,stock_price,98,2
mistral-7b,stock_price,99,2
mistral-7b,stock_price,100,3
mistral-7b,stock_price,101,3
mistral-7b,stock_price,102,3
mistral-7b,stock_price,103,3
mistral-7b,stock_price,104,3
mistral-7b,stock_price,105,3
mistral-7b,stock_price,106,3
mistral-7b,stock_price,107,3
mistral-7b,stock_price,108,3
mistral-7b,stock_price,109,3
mistral-7b,stock_price,110,3
mistral-7b,stock_price,111,3
mistral-7b,stock_price,112,3
mistral-7b,stock_price,113,3
mistral-7b,stock_price,114,3
mistral-7b,stock_price,115,3
mistral-7b,stock_price,116,3
mistral-7b,stock_price,117,3
mistral-7b,stock_price,118,3
mistral-7b,stock_price,119,3
mistral-7b,stock_price,120,3
mistral-7b,stock_price,121,3
mistral-7b,stock_price,122,3
mistral-7b,stock_price,123,3
mistral-7b,stock_price,124,3
mistral-7b,stock_price,125,3
mistral-7b,stock_price,126,3
mistral-7b,stock_price,127,3
mistral-7b,stock_price,128,3
mistral-7b,stock_price,129,3
mistral-7b,stock_price,130,3
mistral-7b,stock_price,131,3
mistral-7b,stock_price,132,3
mistral-7b,stock_price,133,3
mistral-7b,stock_price,134,3
mistral-7b,stock_price,135,3
mistral-7b,stock_price,136,3
mistral-7b,stock_price,137,3
mistral-7b,stock_price,138,3
mistral-7b,stock_price,139,3
mistral-7b,stock_price,140,3
mistral-7b,stock_price,141,3
mistral-7b,stock_price,142,3
mistral-7b,stock_price,143,3
mistral-7b,stock_price,144,3
mistral-7b,stock_price,145,3
mistral-7b,stock_price,146,3
mistral-7b,stock_price,147,3
mistral-7b,stock_price,148,3
mistral-7b,stock_price,149,3
mistral-7b,stock_price,150,3
mistral-7b,stock_price,151,3
mistral-7b,stock_price,152,3
mistral-7b,stock_price,153,3
mistral-7b,stock_price,154,3
mistral-7b,stock_price,155,3
mistral-7b,stock_price,156,3
mistral-7b,stock_price,157,3
mistral-7b,stock_price,158,3
mistral-7b,stock_price,159,3
mistral-7b,stock_price,160,3
mistral-7b,stock_price,161,3
mistral-7b,stock_price,162,3
mistral-7b,stock_price,163,3
mistral-7b,stock_price,164,3
mistral-7b,stock_price,165,3
mistral-7b,stock_price,166,3
mistral-7b,stock_price,167,3
mistral-7b,stock_price,168,3
mistral-7b,stock_price,169,3
mistral-7b,stock_price,170,3
mistral-7b,stock_price,171,3
mistral-7b,stock_price,172,3
mistral-7b,stock_price,173,3
mistral-7b,stock_price,174,3
mistral-7b,stock_price,175,3
mistral-7b,stock_price,176,3
mistral-7b,stock_price,177,3
mistral-7b,stock_price,178,3
mistral-7b,stock_price,179,3
mistral-7b,stock_price,180,3
mistral-7b,stock_price,181,3
mistral-7b,stock_price,182,3
mistral-7b,stock_price,183,3
mistral-7b,stock_price,184,3
mistral-7b,stock_price,185,3
mistral-7b,stock_price,186,3
mistral-7b,stock_price,187,3
mistral-7b,stock_price,188,3
mistral-7b,stock_price,189,3
mistral-7b,stock_price,190,3
mistral-7b,stock_price,191,3
mistral-7b,stock_price,192,3
mistral-7b,stock_price,193,3
mistral-7b,stock_price,194,3
mistral-7b,stock_price,195,3
mistral-7b,stock_price,196,3
mistral-7b,stock_price,197,3
mistral-7b,stock_price,198,3
mistral-7b,stock_price,199,3
mistral-7b,stock_price,200,3
mistral-7b,stock_price,201,3
mistral-7b,stock_price,202,3
mistral-7b,stock_price,203,3
mistral-7b,stock_price,204,3
mistral-7b,stock_price,205,3
mistral-7b,stock_price,206,3
mistral-7b,stock_price,207,3
mistral-7b,stock_price,208,3
mistral-7b,stock_price,209,3
mistral-7b,stock_price,210,3
mistral-7b,stock_price,211,3
mistral-7b,stock_price,212,3
mistral-7b,stock_price,213,3
mistral-7b,stock_price,214,3
mistral-7b,stock_price,215,3
mistral-7b,stock_price,216,3
mistral-7b,stock_price,217,3
mistral-7b,stock_price,218,3
mistral-7b,stock_price,219,3
mistral-7b,stock_price,220,3
mistral-7b,stock_price,221,3
mistral-7b,stock_price,222,3
mistral-7b,stock_price,223,3
mistral-7b,stock_price,224,3
mistral-7b,stock_price,225,3
mistral-7b,stock_price,226,3
mistral-7b,stock_price,227,3
mistral-7b,stock_price,228,3
mistral-7b,stock_price,229,3
mistral-7b,stock_price,230,3
mistral-7b,stock_price,231,3
mistral-7b,stock_price,232,3
mistral-7b,stock_price,233,3
mistral-7b,stock_price,234,3
mistral-7b,stock_price,235,3
mistral-7b,stock_price,236,3
mistral-7b,stock_price,237,3
mistral-7b,stock_price,238,3
mistral-7b,stock_price,239,3
mistral-7b,stock_price,240,3
mistral-7b,stock_price,241,3
mistral-7b,stock_price,242,3
mistral-7b,stock_price,243,3
mistral-7b,stock_price,244,3
mistral-7b,stock_price,245,3
mistral-7b,stock_price,246,3
mistral-7b,stock_price,247,3
mistral-7b,stock_price,248,3
mistral-7b,stock_price,249,3
mistral-7b,stock_price,250,3
mistral-7b,stock_price,251,3
mistral-7b,stock_price,252,3
mistral-7b,stock_price,253,3
mistral-7b,stock_price,254,3
mistral-7b,stock_price,255,3
mistral-7b,stock_price,256,3
mistral-7b,stock_price,257,3
mistral-7b,stock_price,258,3
mistral-7b,stock_price,259,3
mistral-7b,stock_price,260,3
mistral-7b,stock_price,261,3
mistral-7b,stock_price,262,3
mistral-7b,stock_price,263,3
mistral-7b,stock_price,264,3
mistral-7b,stock_price,265,3
mistral-7b,stock_price,266,3
mistral-7b,stock_price,267,3
mistral-7b,stock_price,268,3
mistral-7b,stock_price,269,3
mistral-7b,stock_price,270,3
mistral-7b,stock_price,271,3
mistral-7b,stock_price,272,3
mistral-7b,stock_price,273,3
mistral-7b,stock_price,274,3
mistral-7b,stock_price,275,3
mistral-7b,stock_price,276,3
mistral-7b,stock_price,277,3
mistral-7b,stock_price,278,3
mistral-7b,stock_price,279,3
mistral-7b,stock_price,280,3
mistral-7b,stock_price,281,3
mistral-7b,stock_price,282,3
mistral-7b,stock_price,283,3
mistral-7b,stock_price,284,3
mistral-7b,stock_price,285,3
mistral-7b,stock_price,286,3
mistral-7b,stock_price,287,3
mistral-7b,stock_price,288,3
mistral-7b,stock_price,289,3
mistral-7b,stock_price,290,3
mistral-7b,stock_price,291,3
mistral-7b,stock_price,292,3
mistral-7b,stock_price,293,3
mistral-7b,stock_price,294,3
mistral-7b,stock_price,295,3
mistral-7b,stock_price,296,3
mistral-7b,stock_price,297,3
mistral-7b,stock_price,298,3
mistral-7b,stock_price,299,3
mistral-7b,stock_price,300,3
mistral-7b,stock_price,301,3
mistral-7b,stock_price,302,3
mistral-7b,stock_price,303,3
mistral-7b,stock_price,304,3
mistral-7b,stock_price,305,3
mistral-7b,stock_price,306,3
mistral-7b,stock_price,307,3
mistral-7b,stock_price,308,3
mistral-7b,stock_price,309,3
mistral-7b,stock_price,310,3
mistral-7b,stock_price,311,3
mistral-7b,stock_price,312,3
mistral-7b,stock_price,313,3
mistral-7b,stock_price,314,3
mistral-7b,stock_price,315,3
mistral-7b,stock_price,316,3
mistral-7b,stock_price,317,3
mistral-7b,stock_price,318,3
mistral-7b,stock_price,319,3
mistral-7b,stock_price,320,3
mistral-7b,stock_price,321,3
mistral-7b,stock_price,322,3
mistral-7b,stock_price,323,3
mistral-7b,stock_price,324,3
mistral-7b,stock_price,325,3
mistral-7b,stock_price,326,3
mistral-7b,stock_price,327,3
mistral-7b,stock_price,328,3
mistral-7b,stock_price,329,3
mistral-7b,stock_price,330,3
mistral-7b,stock_price,331,3
mistral-7b,stock_price,332,3
mistral-7b,stock_price,333,3
mistral-7b,stock_price,334,3
mistral-7b,stock_price,335,3
mistral-7b,stock_price,336,3
mistral-7b,stock_price,337,3
mistral-7b,stock_price,338,3
mistral-7b,stock_price,339,3
mistral-7b,stock_price,340,3
mistral-7b,stock_price,341,3
mistral-7b,stock_price,342,3
mistral-7b,stock_price,343,3
mistral-7b,stock_price,344,3
mistral-7b,stock_price,345,3
mistral-7b,stock_price,346,3
mistral-7b,stock_price,347,3
mistral-7b,stock_price,348,3
mistral-7b,stock_price,349,3
mistral-7b,stock_price,350,3
mistral-7b,stock_price,351,3
mistral-7b,stock_price,352,3
mistral-7b,stock_price,353,3
mistral-7b,stock_price,354,3
mistral-7b,stock_price,355,3
mistral-7b,stock_price,356,3
mistral-7b,stock_price,357,3
mistral-7b,stock_price,358,3
mistral-7b,stock_price,359,3
mistral-7b,stock_price,360,3
mistral-7b,stock_price,361,3
mistral-7b,stock_price,362,3
mistral-7b,stock_price,363,3
mistral-7b,stock_price,364,3
mistral-7b,stock_price,365,3
mistral-7b,stock_price,366,3
mistral-7b,stock_price,367,3
mistral-7b,stock_price,368,3
mistral-7b,stock_price,369,3
mistral-7b,stock_price,370,3
mistral-7b,stock_price,371,3
mistral-7b,stock_price,372,3
mistral-7b,stock_price,373,3
mistral-7b,stock_price,374,3
mistral-7b,stock_price,375,3
mistral-7b,stock_price,376,3
mistral-7b,stock_price,377,3
mistral-7b,stock_price,378,3
mistral-7b,stock_price,379,3
mistral-7b,stock_price,380,3
mistral-7b,stock_price,381,3
mistral-7b,stock_price,382,3
mistral-7b,stock_price,383,3
mistral-7b,stock_price,384,3
mistral-7b,stock_price,385,3
mistral-7b,stock_price,386,3
mistral-7b,stock_price,387,3
mistral-7b,stock_price,388,3
mistral-7b,stock_price,389,3
mistral-7b,stock_price,390,3
mistral-7b,stock_price,391,3
mistral-7b,stock_price,392,3
mistral-7b,stock_price,393,3
mistral-7b,stock_price,394,3
mistral-7b,stock_price,395,3
mistral-7b,stock_price,396,3
mistral-7b,stock_price,397,3
mistral-7b,stock_price,398,3
mistral-7b,stock_price,399,3
mistral-7b,stock_price,400,3
mistral-7b,stock_price,401,3
mistral-7b,stock_price,402,3
mistral-7b,stock_price,403,3
mistral-7b,stock_price,404,3
mistral-7b,stock_price,405,3
mistral-7b,stock_price,406,3
mistral-7b,stock_price,407,3
mistral-7b,stock_price,408,3
mistral-7b,stock_price,409,3
mistral-7b,stock_price,410,3
mistral-7b,stock_price,411,3
mistral-7b,stock_price,412,3
mistral-7b,stock_price,413,3
mistral-7b,stock_price,414,3
mistral-7b,stock_price,415,3
mistral-7b,stock_price,416,3
mistral-7b,stock_price,417,3
mistral-7b,stock_price,418,3
mistral-7b,stock_price,419,3
mistral-7b,stock_price,420,3
mistral-7b,stock_price,421,3
mistral-7b,stock_price,422,3
mistral-7b,stock_price,423,3
mistral-7b,stock_price,424,3
mistral-7b,stock_price,425,3
mistral-7b,stock_price,426,3
mistral-7b,stock_price,427,3
mistral-7b,stock_price,428,3
mistral-7b,stock_price,429,3
mistral-7b,stock_price,430,3
mistral-7b,stock_price,431,3
mistral-7b,stock_price,432,3
mistral-7b,stock_price,433,3
mistral-7b,stock_price,434,3
mistral-7b,stock_price,435,3
mistral-7b,stock_price,436,3
mistral-7b,stock_price,437,3
mistral-7b,stock_price,438,3
mistral-7b,stock_price,439,3
mistral-7b,stock_price,440,3
mistral-7b,stock_price,441,3
mistral-7b,stock_price,442,3
mistral-7b,stock_price,443,3
mistral-7b,stock_price,444,3
mistral-7b,stock_price,445,3
mistral-7b,stock_price,446,3
mistral-7b,stock_price,447,3
mistral-7b,stock_price,448,3
mistral-7b,stock_price,449,3
mistral-7b,stock_price,450,3
mistral-7b,stock_price,451,3
mistral-7b,stock_price,452,3
mistral-7b,stock_price,453,3
mistral-7b,stock_price,454,3
mistral-7b,stock_price,455,3
mistral-7b,stock_price,456,3
mistral-7b,stock_price,457,3
mistral-7b,stock_price,458,3
mistral-7b,stock_price,459,3
mistral-7b,stock_price,460,3
mistral-7b,stock_price,461,3
mistral-7b,stock_price,462,3
mistral-7b,stock_price,463,3
mistral-7b,stock_price,464,3
mistral-7b,stock_price,465,3
mistral-7b,stock_price,466,3
mistral-7b,stock_price,467,3
mistral-7b,stock_price,468,3
mistral-7b,stock_price,469,3
mistral-7b,stock_price,470,3
mistral-7b,stock_price,471,3
mistral-7b,stock_price,472,3
mistral-7b,stock_price,473,3
mistral-7b,stock_price,474,3
mistral-7b,stock_price,475,3
mistral-7b,stock_price,476,3
mistral-7b,stock_price,477,3
mistral-7b,stock_price,478,3
mistral-7b,stock_price,479,3
mistral-7b,stock_price,480,3
mistral-7b,stock_price,481,3
mistral-7b,stock_price,482,3
mistral-7b,stock_price,483,3
mistral-7b,stock_price,484,3
mistral-7b,stock_price,485,3
mistral-7b,stock_price,486,3
mistral-7b,stock_price,487,3
mistral-7b,stock_price,488,3
mistral-7b,stock_price,489,3
mistral-7b,stock_price,490,3
mistral-7b,stock_price,491,3
mistral-7b,stock_price,492,3
mistral-7b,stock_price,493,3
mistral-7b,stock_price,494,3
mistral-7b,stock_price,495,3
mistral-7b,stock_price,496,3
mistral-7b,stock_price,497,3
mistral-7b,stock_price,498,3
mistral-7b,stock_price,499,3
mistral-7b,stock_price,500,3
mistral-7b,stock_price,501,3
mistral-7b,stock_price,502,3
mistral-7b,stock_price,503,3
mistral-7b,stock_price,504,3
mistral-7b,stock_price,505,3
mistral-7b,stock_price,506,3
mistral-7b,stock_price,507,3
mistral-7b,stock_price,508,3
mistral-7b,stock_price,509,3
mistral-7b,stock_price,510,3
mistral-7b,stock_price,511,3
mistral-7b,stock_price,512,3
mistral-7b,stock_price,513,3
mistral-7b,stock_price,514,3
mistral-7b,stock_price,515,3
mistral-7b,stock_price,516,3
mistral-7b,stock_price,517,3
mistral-7b,stock_price,518,3
mistral-7b,stock_price,519,3
mistral-7b,stock_price,520,3
mistral-7b,stock_price,521,3
mistral-7b,stock_price,522,3
mistral-7b,stock_price,523,3
mistral-7b,stock_price,524,3
mistral-7b,stock_price,525,3
mistral-7b,stock_price,526,3
mistral-7b,stock_price,527,3
mistral-7b,stock_price,528,3
mistral-7b,stock_price,529,3
mistral-7b,stock_price,530,3
mistral-7b,stock_price,531,3
mistral-7b,stock_price,532,3
mistral-7b,stock_price,533,3
mistral-7b,stock_price,534,3
mistral-7b,stock_price,535,3
mistral-7b,stock_price,536,3
mistral-7b,stock_price,537,3
mistral-7b,stock_price,538,3
mistral-7b,stock_price,539,3
mistral-7b,stock_price,540,3
mistral-7b,stock_price,541,3
mistral-7b,stock_price,542,3
mistral-7b,stock_price,543,3
mistral-7b,stock_price,544,3
mistral-7b,stock_price,545,3
mistral-7b,stock_price,546,3
mistral-7b,stock_price,547,3
mistral-7b,stock_price,548,3
mistral-7b,stock_price,549,3
mistral-7b,stock_price,550,3
mistral-7b,stock_price,551,3
mistral-7b,stock_price,552,3
mistral-7b,stock_price,553,3
mistral-7b,stock_price,554,3
mistral-7b,stock_price,555,3
mistral-7b,stock_price,556,3
mistral-7b,stock_price,557,3
mistral-7b,stock_price,558,3
mistral-7b,stock_price,559,3
mistral-7b,stock_price,560,3
mistral-7b,stock_price,561,3
mistral-7b,stock_price,562,3
mistral-7b,stock_price,563,3
mistral-7b,stock_price,564,3
mistral-7b,stock_price,565,3
mistral-7b,stock_price,566,3
mistral-7b,stock_price,567,3
mistral-7b,stock_price,568,3
mistral-7b,stock_price,569,3
mistral-7b,stock_price,570,3
mistral-7b,stock_price,571,3
mistral-7b,stock_price,572,3
mistral-7b,stock_price,573,3
mistral-7b,stock_price,574,3
mistral-7b,stock_price,575,3
mistral-7b,stock_price,576,3
mistral-7b,stock_price,577,3
mistral-7b,stock_price,578,3
mistral-7b,stock_price,579,3
mistral-7b,stock_price,580,3
mistral-7b,stock_price,581,3
mistral-7b,stock_price,582,3
mistral-7b,stock_price,583,3
mistral-7b,stock_price,584,3
mistral-7b,stock_price,585,3
mistral-7b,stock_price,586,3
mistral-7b,stock_price,587,3
mistral-7b,stock_price,588,3
mistral-7b,stock_price,589,3
mistral-7b,stock_price,590,3
mistral-7b,stock_price,591,3
mistral-7b,stock_price,592,3
mistral-7b,stock_price,593,3
mistral-7b,stock_price,594,3
mistral-7b,stock_price,595,3
mistral-7b,stock_price,596,3
mistral-7b,stock_price,597,3
mistral-7b,stock_price,598,3
mistral-7b,stock_price,599,3
mistral-7b,stock_price,600,3
mistral-7b,stock_price,601,3
mistral-7b,stock_price,602,3
mistral-7b,stock_price,603,3
mistral-7b,stock_price,604,3
mistral-7b,stock_price,605,3
mistral-7b,stock_price,606,3
mistral-7b,stock_price,607,3
mistral-7b,stock_price,608,3
mistral-7b,stock_price,609,3
mistral-7b,stock_price,610,3
mistral-7b,stock_price,611,3
mistral-7b,stock_price,612,3
mistral-7b,stock_price,613,3
mistral-7b,stock_price,614,3
mistral-7b,stock_price,615,3
mistral-7b,stock_price,616,3
mistral-7b,stock_price,617,3
mistral-7b,stock_price,618,3
mistral-7b,stock_price,619,3
mistral-7b,stock_price,620,3
mistral-7b,stock_price,621,3
mistral-7b,stock_price,622,3
mistral-7b,stock_price,623,3
mistral-7b,stock_price,624,3
mistral-7b,stock_price,625,3
mistral-7b,stock_price,626,3
mistral-7b,stock_price,627,3
mistral-7b,stock_price,628,3
mistral-7b,stock_price,629,3
mistral-7b,stock_price,630,3
mistral-7b,stock_price,631,3
mistral-7b,stock_price,632,3
mistral-7b,stock_price,633,3
mistral-7b,stock_price,634,3
mistral-7b,stock_price,635,3
mistral-7b,stock_price,636,3
mistral-7b,stock_price,637,3
mistral-7b,stock_price,638,3
mistral-7b,stock_price,639,3
mistral-7b,stock_price,640,3
mistral-7b,stock_price,641,3
mistral-7b,stock_price,642,3
mistral-7b,stock_price,643,3
mistral-7b,stock_price,644,3
mistral-7b,stock_price,645,3
mistral-7b,stock_price,646,3
mistral-7b,stock_price,647,3
mistral-7b,stock_price,648,3
mistral-7b,stock_price,649,3
mistral-7b,stock_price,650,3
mistral-7b,stock_price,651,3
mistral-7b,stock_price,652,3
mistral-7b,stock_price,653,3
mistral-7b,stock_price,654,3
mistral-7b,stock_price,655,3
mistral-7b,stock_price,656,3
mistral-7b,stock_price,657,3
mistral-7b,stock_price,658,3
mistral-7b,stock_price,659,3
mistral-7b,stock_price,660,3
mistral-7b,stock_price,661,3
mistral-7b,stock_price,662,3
mistral-7b,stock_price,663,3
mistral-7b,stock_price,664,3
mistral-7b,stock_price,665,3
mistral-7b,stock_price,666,3
mistral-7b,stock_price,667,3
mistral-7b,stock_price,668,3
mistral-7b,stock_price,669,3
mistral-7b,stock_price,670,3
mistral-7b,stock_price,671,3
mistral-7b,stock_price,672,3
mistral-7b,stock_price,673,3
mistral-7b,stock_price,674,3
mistral-7b,stock_price,675,3
mistral-7b,stock_price,676,3
mistral-7b,stock_price,677,3
mistral-7b,stock_price,678,3
mistral-7b,stock_price,679,3
mistral-7b,stock_price,680,3
mistral-7b,stock_price,681,3
mistral-7b,stock_price,682,3
mistral-7b,stock_price,683,3
mistral-7b,stock_price,684,3
mistral-7b,stock_price,685,3
mistral-7b,stock_price,686,3
mistral-7b,stock_price,687,3
mistral-7b,stock_price,688,3
mistral-7b,stock_price,689,3
mistral-7b,stock_price,690,3
mistral-7b,stock_price,691,3
mistral-7b,stock_price,692,3
mistral-7b,stock_price,693,3
mistral-7b,stock_price,694,3
mistral-7b,stock_price,695,3
mistral-7b,stock_price,696,3
mistral-7b,stock_price,697,3
mistral-7b,stock_price,698,3
mistral-7b,stock_price,699,3
mistral-7b,stock_price,700,3
mistral-7b,stock_price,701,3
mistral-7b,stock_price,702,3
mistral-7b,stock_price,703,3
mistral-7b,stock_price,704,3
mistral-7b,stock_price,705,3
mistral-7b,stock_price,706,3
mistral-7b,stock_price,707,3
mistral-7b,stock_price,708,3
mistral-7b,stock_price,709,3
mistral-7b,stock_price,710,3
mistral-7b,stock_price,711,3
mistral-7b,stock_price,712,3
mistral-7b,stock_price,713,3
mistral-7b,stock_price,714,3
mistral-7b,stock_price,715,3
mistral-7b,stock_price,716,3
mistral-7b,stock_price,717,3
mistral-7b,stock_price,718,3
mistral-7b,stock_price,719,3
mistral-7b,stock_price,720,3
mistral-7b,stock_price,721,3
mistral-7b,stock_price,722,3
mistral-7b,stock_price,723,3
mistral-7b,stock_price,724,3
mistral-7b,stock_price,725,3
mistral-7b,stock_price,726,3
mistral-7b,stock_price,727,3
mistral-7b,stock_price,728,3
mistral-7b,stock_price,729,3
mistral-7b,stock_price,730,3
mistral-7b,stock_price,731,3
mistral-7b,stock_price,732,3
mistral-7b,stock_price,733,3
mistral-7b,stock_price,734,3
mistral-7b,stock_price,735,3
mistral-7b,stock_price,736,3
mistral-7b,stock_price,737,3
mistral-7b,stock_price,738,3
mistral-7b,stock_price,739,3
mistral-7b,stock_price,740,3
mistral-7b,stock_price,741,3
mistral-7b,stock_price,742,3
mistral-7b,stock_price,743,3
mistral-7b,stock_price,744,3
mistral-7b,stock_price,745,3
mistral-7b,stock_price,746,3
mistral-7b,stock_price,747,3
mistral-7b,stock_price,748,3
mistral-7b,stock_price,749,3
mistral-7b,stock_price,750,3
mistral-7b,stock_price,751,3
mistral-7b,stock_price,752,3
mistral-7b,stock_price,753,3
mistral-7b,stock_price,754,3
mistral-7b,stock_price,755,3
mistral-7b,stock_price,756,3
mistral-7b,stock_price,757,3
mistral-7b,stock_price,758,3
mistral-7b,stock_price,759,3
mistral-7b,stock_price,760,3
mistral-7b,stock_price,761,3
mistral-7b,stock_price,762,3
mistral-7b,stock_price,763,3
mistral-7b,stock_price,764,3
mistral-7b,stock_price,765,3
mistral-7b,stock_price,766,3
mistral-7b,stock_price,767,3
mistral-7b,stock_price,768,3
mistral-7b,stock_price,769,3
mistral-7b,stock_price,770,3
mistral-7b,stock_price,771,3
mistral-7b,stock_price,772,3
mistral-7b,stock_price,773,3
mistral-7b,stock_price,774,3
mistral-7b,stock_price,775,3
mistral-7b,stock_price,776,3
mistral-7b,stock_price,777,3
mistral-7b,stock_price,778,3
mistral-7b,stock_price,779,3
mistral-7b,stock_price,780,3
mistral-7b,stock_price,781,3
mistral-7b,stock_price,782,3
mistral-7b,stock_price,783,3
mistral-7b,stock_price,784,3
mistral-7b,stock_price,785,3
mistral-7b,stock_price,786,3
mistral-7b,stock_price,787,3
mistral-7b,stock_price,788,3
mistral-7b,stock_price,789,3
mistral-7b,stock_price,790,3
mistral-7b,stock_price,791,3
mistral-7b,stock_price,792,3
mistral-7b,stock_price,793,3
mistral-7b,stock_price,794,3
mistral-7b,stock_price,795,3
mistral-7b,stock_price,796,3
mistral-7b,stock_price,797,3
mistral-7b,stock_price,798,3
mistral-7b,stock_price,799,3
mistral-7b,stock_price,800,3
mistral-7b,stock_price,801,3
mistral-7b,stock_price,802,3
mistral-7b,stock_price,803,3
mistral-7b,stock_price,804,3
mistral-7b,stock_price,805,3
mistral-7b,stock_price,806,3
mistral-7b,stock_price,807,3
mistral-7b,stock_price,808,3
mistral-7b,stock_price,809,3
mistral-7b,stock_price,810,3
mistral-7b,stock_price,811,3
mistral-7b,stock_price,812,3
mistral-7b,stock_price,813,3
mistral-7b,stock_price,814,3
mistral-7b,stock_price,815,3
mistral-7b,stock_price,816,3
mistral-7b,stock_price,817,3
mistral-7b,stock_price,818,3
mistral-7b,stock_price,819,3
mistral-7b,stock_price,820,3
mistral-7b,stock_price,821,3
mistral-7b,stock_price,822,3
mistral-7b,stock_price,823,3
mistral-7b,stock_price,824,3
mistral-7b,stock_price,825,3
mistral-7b,stock_price,826,3
mistral-7b,stock_price,827,3
mistral-7b,stock_price,828,3
mistral-7b,stock_price,829,3
mistral-7b,stock_price,830,3
mistral-7b,stock_price,831,3
mistral-7b,stock_price,832,3
mistral-7b,stock_price,833,3
mistral-7b,stock_price,834,3
mistral-7b,stock_price,835,3
mistral-7b,stock_price,836,3
mistral-7b,stock_price,837,3
mistral-7b,stock_price,838,3
mistral-7b,stock_price,839,3
mistral-7b,stock_price,840,3
mistral-7b,stock_price,841,3
mistral-7b,stock_price,842,3
mistral-7b,stock_price,843,3
mistral-7b,stock_price,844,3
mistral-7b,stock_price,845,3
mistral-7b,stock_price,846,3
mistral-7b,stock_price,847,3
mistral-7b,stock_price,848,3
mistral-7b,stock_price,849,3
mistral-7b,stock_price,850,3
mistral-7b,stock_price,851,3
mistral-7b,stock_price,852,3
mistral-7b,stock_price,853,3
mistral-7b,stock_price,854,3
mistral-7b,stock_price,855,3
mistral-7b,stock_price,856,3
mistral-7b,stock_price,857,3
mistral-7b,stock_price,858,3
mistral-7b,stock_price,859,3
mistral-7b,stock_price,860,3
mistral-7b,stock_price,861,3
mistral-7b,stock_price,862,3
mistral-7b,stock_price,863,3
mistral-7b,stock_price,864,3
mistral-7b,stock_price,865,3
mistral-7b,stock_price,866,3
mistral-7b,stock_price,867,3
mistral-7b,stock_price,868,3
mistral-7b,stock_price,869,3
mistral-7b,stock_price,870,3
mistral-7b,stock_price,871,3
mistral-7b,stock_price,872,3
mistral-7b,stock_price,873,3
mistral-7b,stock_price,874,3
mistral-7b,stock_price,875,3
mistral-7b,stock_price,876,3
mistral-7b,stock_price,877,3
mistral-7b,stock_price,878,3
mistral-7b,stock_price,879,3
mistral-7b,stock_price,880,3
mistral-7b,stock_price,881,3
mistral-7b,stock_price,882,3
mistral-7b,stock_price,883,3
mistral-7b,stock_price,884,3
mistral-7b,stock_price,885,3
mistral-7b,stock_price,886,3
mistral-7b,stock_price,887,3
mistral-7b,stock_price,888,3
mistral-7b,stock_price,889,3
mistral-7b,stock_price,890,3
mistral-7b,stock_price,891,3
mistral-7b,stock_price,892,3
mistral-7b,stock_price,893,3
mistral-7b,stock_price,894,3
mistral-7b,stock_price,895,3
mistral-7b,stock_price,896,3
mistral-7b,stock_price,897,3
mistral-7b,stock_price,898,3
mistral-7b,stock_price,899,3
mistral-7b,stock_price,900,3
mistral-7b,stock_price,901,3
mistral-7b,stock_price,902,3
mistral-7b,stock_price,903,3
mistral-7b,stock_price,904,3
mistral-7b,stock_price,905,3
mistral-7b,stock_price,906,3
mistral-7b,stock_price,907,3
mistral-7b,stock_price,908,3
mistral-7b,stock_price,909,3
mistral-7b,stock_price,910,3
mistral-7b,stock_price,911,3
mistral-7b,stock_price,912,3
mistral-7b,stock_price,913,3
mistral-7b,stock_price,914,3
mistral-7b,stock_price,915,3
mistral-7b,stock_price,916,3
mistral-7b,stock_price,917,3
mistral-7b,stock_price,918,3
mistral-7b,stock_price,919,3
mistral-7b,stock_price,920,3
mistral-7b,stock_price,921,3
mistral-7b,stock_price,922,3
mistral-7b,stock_price,923,3
mistral-7b,stock_price,924,3
mistral-7b,stock_price,925,3
mistral-7b,stock_price,926,3
mistral-7b,stock_price,927,3
mistral-7b,stock_price,928,3
mistral-7b,stock_price,929,3
mistral-7b,stock_price,930,3
mistral-7b,stock_price,931,3
mistral-7b,stock_price,932,3
mistral-7b,stock_price,933,3
mistral-7b,stock_price,934,3
mistral-7b,stock_price,935,3
mistral-7b,stock_price,936,3
mistral-7b,stock_price,937,3
mistral-7b,stock_price,938,3
mistral-7b,stock_price,939,3
mistral-7b,stock_price,940,3
mistral-7b,stock_price,941,3
mistral-7b,stock_price,942,3
mistral-7b,stock_price,943,3
mistral-7b,stock_price,944,3
mistral-7b,stock_price,945,3
mistral-7b,stock_price,946,3
mistral-7b,stock_price,947,3
mistral-7b,stock_price,948,3
mistral-7b,stock_price,949,3
mistral-7b,stock_price,950,3
mistral-7b,stock_price,951,3
mistral-7b,stock_price,952,3
mistral-7b,stock_price,953,3
mistral-7b,stock_price,954,3
mistral-7b,stock_price,955,3
mistral-7b,stock_price,956,3
mistral-7b,stock_price,957,3
mistral-7b,stock_price,958,3
mistral-7b,stock_price,959,3
mistral-7b,stock_price,960,3
mistral-7b,stock_price,961,3
mistral-7b,stock_price,962,3
mistral-7b,stock_price,963,3
mistral-7b,stock_price,964,3
mistral-7b,stock_price,965,3
mistral-7b,stock_price,966,3
mistral-7b,stock_price,967,3
mistral-7b,stock_price,968,3
mistral-7b,stock_price,969,3
mistral-7b,stock_price,970,3
mistral-7b,stock_price,971,3
mistral-7b,stock_price,972,3
mistral-7b,stock_price,973,3
mistral-7b,stock_price,974,3
mistral-7b,stock_price,975,3
mistral-7b,stock_price,976,3
mistral-7b,stock_price,977,3
mistral-7b,stock_price,978,3
mistral-7b,stock_price,979,3
mistral-7b,stock_price,980,3
mistral-7b,stock_price,981,3
mistral-7b,stock_price,982,3
mistral-7b,stock_price,983,3
mistral-7b,stock_price,984,3
mistral-7b,stock_price,985,3
mistral-7b,stock_price,986,3
mistral-7b,stock_price,987,3
mistral-7b,stock_price,988,3
mistral-7b,stock_price,989,3
mistral-7b,stock_price,990,3
mistral-7b,stock_price,991,3
mistral-7b,stock_price,992,3
mistral-7b,stock_price,993,3
mistral-7b,stock_price,994,3
mistral-7b,stock_price,995,3
mistral-7b,stock_price,996,3
mistral-7b,stock_price,997,3
mistral-7b,stock_price,998,3
mistral-7b,page_count,3,1
mistral-7b,page_count,4,1
mistral-7b,page_count,5,1
mistral-7b,page_count,6,1
mistral-7b,page_count,7,1
mistral-7b,page_count,8,1
mistral-7b,page_count,9,1
mistral-7b,page_count,10,2
mistral-7b,page_count,11,2
mistral-7b,page_count,12,2
mistral-7b,page_count,13,2
mistral-7b,page_count,14,2
mistral-7b,page_count,15,2
mistral-7b,page_count,16,2
mistral-7b,page_count,17,2
mistral-7b,page_count,18,2
mistral-7b,page_count,19,2
mistral-7b,page_count,20,2
mistral-7b,page_count,21,2
mistral-7b,page_count,22,2
mistral-7b,page_count,23,2
mistral-7b,page_count,24,2
mistral-7b,page_count,25,2
mistral-7b,page_count,26,2
mistral-7b,page_count,27,2
mistral-7b,page_count,28,2
mistral-7b,page_count,29,2
mistral-7b,page_count,30,2
mistral-7b,page_count,31,2
mistral-7b,page_count,32,2
mistral-7b,page_count,33,2
mistral-7b,page_count,34,2
mistral-7b,page_count,35,2
mistral-7b,page_count,36,2
mistral-7b,page_count,37,2
mistral-7b,page_count,38,2
mistral-7b,page_count,39,2
mistral-7b,page_count,40,2
mistral-7b,page_count,41,2
mistral-7b,page_count,42,2
mistral-7b,page_count,43,2
mistral-7b,page_count,44,2
mistral-7b,page_count,45,2
mistral-7b,page_count,46,2
mistral-7b,page_count,47,2
mistral-7b,page_count,48,2
mistral-7b,page_count,49,2
mistral-7b,page_count,50,2
mistral-7b,page_count,51,2
mistral-7b,page_count,52,2
mistral-7b,page_count,53,2
mistral-7b,page_count,54,2
mistral-7b,page_count,55,2
mistral-7b,page_count,56,2
mistral-7b,page_count,57,2
mistral-7b,page_count,58,2
mistral-7b,page_count,59,2
mistral-7b,page_count,60,2
mistral-7b,page_count,61,2
mistral-7b,page_count,62,2
mistral-7b,page_count,63,2
mistral-7b,page_count,64,2
mistral-7b,page_count,65,2
mistral-7b,page_count,66,2
mistral-7b,page_count,67,2
mistral-7b,page_count,68,2
mistral-7b,page_count,69,2
mistral-7b,page_count,70,2
mistral-7b,page_count,71,2
mistral-7b,page_count,72,2
mistral-7b,page_count,73,2
mistral-7b,page_count,74,2
mistral-7b,page_count,75,2
mistral-7b,page_count,76,2
mistral-7b,page_count,77,2
mistral-7b,page_count,78,2
mistral-7b,page_count,79,2
mistral-7b,page_count,80,2
mistral-7b,page_count,81,2
mistral-7b,page_count,82,2
mistral-7b,page_count,83,2
mistral-7b,page_count,84,2
mistral-7b,page_count,85,2
mistral-7b,page_count,86,2
mistral-7b,page_count,87,2
mistral-7b,page_count,88,2
mistral-7b,page_count,89,2
mistral-7b,page_count,90,2
mistral-7b,page_count,91,2
mistral-7b,page_count,92,2
mistral-7b,page_count,93,2
mistral-7b,page_count,94,2
mistral-7b,page_count,95,2
mistral-7b,page_count,96,2
mistral-7b,page_count,97,2
mistral-7b,page_count,98,2
mistral-7b,page_count,99,2
mistral-7b,page_count,100,3
mistral-7b,page_count,101,3
mistral-7b,page_count,102,3
mistral-7b,page_count,103,3
mistral-7b,page_count,104,3
mistral-7b,page_count,105,3
mistral-7b,page_count,106,3
mistral-7b,page_count,107,3
mistral-7b,page_count,108,3
mistral-7b,page_count,109,3
mistral-7b,page_count,110,3
mistral-7b,page_count,111,3
mistral-7b,page_count,112,3
mistral-7b,page_count,113,3
mistral-7b,page_count,114,3
mistral-7b,page_count,115,3
mistral-7b,page_count,116,3
mistral-7b,page_count,117,3
mistral-7b,page_count,118,3
mistral-7b,page_count,119,3
mistral-7b,page_count,120,3
mistral-7b,page_count,121,3
mistral-7b,page_count,122,3
mistral-7b,page_count,123,3
mistral-7b,page_count,124,3
mistral-7b,page_count,125,3
mistral-7b,page_count,126,3
mistral-7b,page_count,127,3
mistral-7b,page_count,128,3
mistral-7b,page_count,129,3
mistral-7b,page_count,130,3
mistral-7b,page_count,131,3
mistral-7b,page_count,132,3
mistral-7b,page_count,133,3
mistral-7b,page_count,134,3
mistral-7b,page_count,135,3
mistral-7b,page_count,136,3
mistral-7b,page_count,137,3
mistral-7b,page_count,138,3
mistral-7b,page_count,139,3
mistral-7b,page_count,140,3
mistral-7b,page_count,141,3
mistral-7b,page_count,142,3
mistral-7b,page_count,143,3
mistral-7b,page_count,144,3
mistral-7b,page_count,145,3
mistral-7b,page_count,146,3
mistral-7b,page_count,147,3
mistral-7b,page_count,148,3
mistral-7b,page_count,149,3
mistral-7b,page_count,150,3
mistral-7b,page_count,151,3
mistral-7b,page_count,152,3
mistral-7b,page_count,153,3
mistral-7b,page_count,154,3
mistral-7b,page_count,155,3
mistral-7b,page_count,156,3
mistral-7b,page_count,157,3
mistral-7b,page_count,158,3
mistral-7b,page_count,159,3
mistral-7b,page_count,160,3
mistral-7b,page_count,161,3
mistral-7b,page_count,162,3
mistral-7b,page_count,163,3
mistral-7b,page_count,164,3
mistral-7b,page_count,165,3
mistral-7b,page_count,166,3
mistral-7b,page_count,167,3
mistral-7b,page_count,168,3
mistral-7b,page_count,169,3
mistral-7b,page_count,170,3
mistral-7b,page_count,171,3
mistral-7b,page_count,172,3
mistral-7b,page_count,173,3
mistral-7b,page_count,174,3
mistral-7b,page_count,175,3
mistral-7b,page_count,176,3
mistral-7b,page_count,177,3
mistral-7b,page_count,178,3
mistral-7b,page_count,179,3
mistral-7b,page_count,180,3
mistral-7b,page_count,181,3
mistral-7b,page_count,182,3
mistral-7b,page_count,183,3
mistral-7b,page_count,184,3
mistral-7b,page_count,185,3
mistral-7b,page_count,186,3
mistral-7b,page_count,187,3
mistral-7b,page_count,188,3
mistral-7b,page_count,189,3
mistral-7b,page_count,190,3
mistral-7b,page_count,191,3
mistral-7b,page_count,192,3
mistral-7b,page_count,193,3
mistral-7b,page_count,194,3
mistral-7b,page_count,195,3
mistral-7b,page_count,196,3
mistral-7b,page_count,197,3
mistral-7b,page_count,198,3
mistral-7b,page_count,199,3
mistral-7b,page_count,200,3
mistral-7b,page_count,201,3
mistral-7b,page_count,202,3
mistral-7b,page_count,203,3
mistral-7b,page_count,204,3
mistral-7b,page_count,205,3
mistral-7b,page_count,206,3
mistral-7b,page_count,207,3
mistral-7b,page_count,208,3
mistral-7b,page_count,209,3
mistral-7b,page_count,210,3
mistral-7b,page_count,211,3
mistral-7b,page_count,212,3
mistral-7b,page_count,213,3
mistral-7b,page_count,214,3
mistral-7b,page_count,215,3
mistral-7b,page_count,216,3
mistral-7b,page_count,217,3
mistral-7b,page_count,218,3
mistral-7b,page_count,219,3
mistral-7b,page_count,220,3
mistral-7b,page_count,221,3
mistral-7b,page_count,222,3
mistral-7b,page_count,223,3
mistral-7b,page_count,224,3
mistral-7b,page_count,225,3
mistral-7b,page_count,226,3
mistral-7b,page_count,227,3
mistral-7b,page_count,228,3
mistral-7b,page_count,229,3
mistral-7b,page_count,230,3
mistral-7b,page_count,231,3
mistral-7b,page_count,232,3
mistral-7b,page_count,233,3
mistral-7b,page_count,234,3
mistral-7b,page_count,235,3
mistral-7b,page_count,236,3
mistral-7b,page_count,237,3
mistral-7b,page_count,238,3
mistral-7b,page_count,239,3
mistral-7b,page_count,240,3
mistral-7b,page_count,241,3
mistral-7b,page_count,242,3
mistral-7b,page_count,243,3
mistral-7b,page_count,244,3
mistral-7b,page_count,245,3
mistral-7b,page_count,246,3
mistral-7b,page_count,247,3
mistral-7b,page_count,248,3
mistral-7b,page_count,249,3
mistral-7b,page_count,250,3
mistral-7b,page_count,251,3
mistral-7b,page_count,252,3
mistral-7b,page_count,253,3
mistral-7b,page_count,254,3
mistral-7b,page_count,255,3
mistral-7b,page_count,256,3
mistral-7b,page_count,257,3
mistral-7b,page_count,258,3
mistral-7b,page_count,259,3
mistral-7b,page_count,260,3
mistral-7b,page_count,261,3
mistral-7b,page_count,262,3
mistral-7b,page_count,263,3
mistral-7b,page_count,264,3
mistral-7b,page_count,265,3
mistral-7b,page_count,266,3
mistral-7b,page_count,267,3
mistral-7b,page_count,268,3
mistral-7b,page_count,269,3
mistral-7b,page_count,270,3
mistral-7b,page_count,271,3
mistral-7b,page_count,272,3
mistral-7b,page_count,273,3
mistral-7b,page_count,274,3
mistral-7b,page_count,275,3
mistral-7b,page_count,276,3
mistral-7b,page_count,277,3
mistral-7b,page_count,278,3
mistral-7b,page_count,279,3
mistral-7b,page_count,280,3
mistral-7b,page_count,281,3
mistral-7b,page_count,282,3
mistral-7b,page_count,283,3
mistral-7b,page_count,284,3
mistral-7b,page_count,285,3
mistral-7b,page_count,286,3
mistral-7b,page_count,287,3
mistral-7b,page_count,288,3
mistral-7b,page_count,289,3
mistral-7b,page_count,290,3
mistral-7b,page_count,291,3
mistral-7b,page_count,292,3
mistral-7b,page_count,293,3
mistral-7b,page_count,294,3
mistral-7b,page_count,295,3
mistral-7b,page_count,296,3
mistral-7b,page_count,297,3
mistral-7b,page_count,298,3
mistral-7b,page_count,299,3
mistral-7b,page_count,300,3
mistral-7b,page_count,301,3
mistral-7b,page_count,302,3
mistral-7b,page_count,303,3
mistral-7b,page_count,304,3
mistral-7b,page_count,305,3
mistral-7b,page_count,306,3
mistral-7b,page_count,307,3
mistral-7b,page_count,308,3
mistral-7b,page_count,309,3
mistral-7b,page_count,310,3
mistral-7b,page_count,311,3
mistral-7b,page_count,312,3
mistral-7b,page_count,313,3
mistral-7b,page_count,314,3
mistral-7b,page_count,315,3
mistral-7b,page_count,316,3
mistral-7b,page_count,317,3
mistral-7b,page_count,318,3
mistral-7b,page_count,319,3
mistral-7b,page_count,320,3
mistral-7b,page_count,321,3
mistral-7b,page_count,322,3
mistral-7b,page_count,323,3
mistral-7b,page_count,324,3
mistral-7b,page_count,325,3
mistral-7b,page_count,326,3
mistral-7b,page_count,327,3
mistral-7b,page_count,328,3
mistral-7b,page_count,329,3
mistral-7b,page_count,330,3
mistral-7b,page_count,331,3
mistral-7b,page_count,332,3
mistral-7b,page_count,333,3
mistral-7b,page_count,334,3
mistral-7b,page_count,335,3
mistral-7b,page_count,336,3
mistral-7b,page_count,337,3
mistral-7b,page_count,338,3
mistral-7b,page_count,339,3
mistral-7b,page_count,340,3
mistral-7b,page_count,341,3
mistral-7b,page_count,342,3
mistral-7b,page_count,343,3
mistral-7b,page_count,344,3
mistral-7b,page_count,345,3
mistral-7b,page_count,346,3
mistral-7b,page_count,347,3
mistral-7b,page_count,348,3
mistral-7b,page_count,349,3
mistral-7b,page_count,350,3
mistral-7b,page_count,351,3
mistral-7b,page_count,352,3
mistral-7b,page_count,353,3
mistral-7b,page_count,354,3
mistral-7b,page_count,355,3
mistral-7b,page_count,356,3
mistral-7b,page_count,357,3
mistral-7b,page_count,358,3
mistral-7b,page_count,359,3
mistral-7b,page_count,360,3
mistral-7b,page_count,361,3
mistral-7b,page_count,362,3
mistral-7b,page_count,363,3
mistral-7b,page_count,364,3
mistral-7b,page_count,365,3
mistral-7b,page_count,366,3
mistral-7b,page_count,367,3
mistral-7b,page_count,368,3
mistral-7b,page_count,369,3
mistral-7b,page_count,370,3
mistral-7b,page_count,371,3
mistral-7b,page_count,372,3
mistral-7b,page_count,373,3
mistral-7b,page_count,374,3
mistral-7b,page_count,375,3
mistral-7b,page_count,376,3
mistral-7b,page_count,377,3
mistral-7b,page_count,378,3
mistral-7b,page_count,379,3
mistral-7b,page_count,380,3
mistral-7b,page_count,381,3
mistral-7b,page_count,382,3
mistral-7b,page_count,383,3
mistral-7b,page_count,384,3
mistral-7b,page_count,385,3
mistral-7b,page_count,386,3
mistral-7b,page_count,387,3
mistral-7b,page_count,388,3
mistral-7b,page_count,389,3
mistral-7b,page_count,390,3
mistral-7b,page_count,391,3
mistral-7b,page_count,392,3
mistral-7b,page_count,393,3
mistral-7b,page_count,394,3
mistral-7b,page_count,395,3
mistral-7b,page_count,396,3
mistral-7b,page_count,397,3
mistral-7b,page_count,398,3
mistral-7b,page_count,399,3
mistral-7b,page_count,400,3
mistral-7b,page_count,401,3
mistral-7b,page_count,402,3
mistral-7b,page_count,403,3
mistral-7b,page_count,404,3
mistral-7b,page_count,405,3
mistral-7b,page_count,406,3
mistral-7b,page_count,407,3
mistral-7b,page_count,408,3
mistral-7b,page_count,409,3
mistral-7b,page_count,410,3
mistral-7b,page_count,411,3
mistral-7b,page_count,412,3
mistral-7b,page_count,413,3
mistral-7b,page_count,414,3
mistral-7b,page_count,415,3
mistral-7b,page_count,416,3
mistral-7b,page_count,417,3
mistral-7b,page_count,418,3
mistral-7b,page_count,419,3
mistral-7b,page_count,420,3
mistral-7b,page_count,421,3
mistral-7b,page_count,422,3
mistral-7b,page_count,423,3
mistral-7b,page_count,424,3
mistral-7b,page_count,425,3
mistral-7b,page_count,426,3
mistral-7b,page_count,427,3
mistral-7b,page_count,428,3
mistral-7b,page_count,429,3
mistral-7b,page_count,430,3
mistral-7b,page_count,431,3
mistral-7b,page_count,432,3
mistral-7b,page_count,433,3
mistral-7b,page_count,434,3
mistral-7b,page_count,435,3
mistral-7b,page_count,436,3
mistral-7b,page_count,437,3
mistral-7b,page_count,438,3
mistral-7b,page_count,439,3
mistral-7b,page_count,440,3
mistral-7b,page_count,441,3
mistral-7b,page_count,442,3
mistral-7b,page_count,443,3
mistral-7b,page_count,444,3
mistral-7b,page_count,445,3
mistral-7b,page_count,446,3
mistral-7b,page_count,447,3
mistral-7b,page_count,448,3
mistral-7b,page_count,449,3
mistral-7b,page_count,450,3
mistral-7b,page_count,451,3
mistral-7b,page_count,452,3
mistral-7b,page_count,453,3
mistral-7b,page_count,454,3
mistral-7b,page_count,455,3
mistral-7b,page_count,456,3
mistral-7b,page_count,457,3
mistral-7b,page_count,458,3
mistral-7b,page_count,459,3
mistral-7b,page_count,460,3
mistral-7b,page_count,461,3
mistral-7b,page_count,462,3
mistral-7b,page_count,463,3
mistral-7b,page_count,464,3
mistral-7b,page_count,465,3
mistral-7b,page_count,466,3
mistral-7b,page_count,467,3
mistral-7b,page_count,468,3
mistral-7b,page_count,469,3
mistral-7b,page_count,470,3
mistral-7b,page_count,471,3
mistral-7b,page_count,472,3
mistral-7b,page_count,473,3
mistral-7b,page_count,474,3
mistral-7b,page_count,475,3
mistral-7b,page_count,476,3
mistral-7b,page_count,477,3
mistral-7b,page_count,478,3
mistral-7b,page_count,479,3
mistral-7b,page_count,480,3
mistral-7b,page_count,481,3
mistral-7b,page_count,482,3
mistral-7b,page_count,483,3
mistral-7b,page_count,484,3
mistral-7b,page_count,485,3
mistral-7b,page_count,486,3
mistral-7b,page_count,487,3
mistral-7b,page_count,488,3
mistral-7b,page_count,489,3
mistral-7b,page_count,490,3
mistral-7b,page_count,491,3
mistral-7b,page_count,492,3
mistral-7b,page_count,493,3
mistral-7b,page_count,494,3
mistral-7b,page_count,495,3
mistral-7b,page_count,496,3
mistral-7b,page_count,497,3
mistral-7b,page_count,498,3
mistral-7b,page_count,499,3
mistral-7b,page_count,500,3
mistral-7b,page_count,501,3
mistral-7b,page_count,502,3
mistral-7b,page_count,503,3
mistral-7b,page_count,504,3
mistral-7b,page_count,505,3
mistral-7b,page_count,506,3
mistral-7b,page_count,507,3
mistral-7b,page_count,508,3
mistral-7b,page_count,509,3
mistral-7b,page_count,510,3
mistral-7b,page_count,511,3
mistral-7b,page_count,512,3
mistral-7b,page_count,513,3
mistral-7b,page_count,514,3
mistral-7b,page_count,515,3
mistral-7b,page_count,516,3
mistral-7b,page_count,517,3
mistral-7b,page_count,518,3
mistral-7b,page_count,519,3
mistral-7b,page_count,520,3
mistral-7b,page_count,521,3
mistral-7b,page_count,522,3
mistral-7b,page_count,523,3
mistral-7b,page_count,524,3
mistral-7b,page_count,525,3
mistral-7b,page_count,526,3
mistral-7b,page_count,527,3
mistral-7b,page_count,528,3
mistral-7b,page_count,529,3
mistral-7b,page_count,530,3
mistral-7b,page_count,531,3
mistral-7b,page_count,532,3
mistral-7b,page_count,533,3
mistral-7b,page_count,534,3
mistral-7b,page_count,535,3
mistral-7b,page_count,536,3
mistral-7b,page_count,537,3
mistral-7b,page_count,538,3
mistral-7b,page_count,539,3
mistral-7b,page_count,540,3
mistral-7b,page_count,541,3
mistral-7b,page_count,542,3
mistral-7b,page_count,543,3
mistral-7b,page_count,544,3
mistral-7b,page_count,545,3
mistral-7b,page_count,546,3
mistral-7b,page_count,547,3
mistral-7b,page_count,548,3
mistral-7b,page_count,549,3
mistral-7b,page_count,550,3
mistral-7b,page_count,551,3
mistral-7b,page_count,552,3
mistral-7b,page_count,553,3
mistral-7b,page_count,554,3
mistral-7b,page_count,555,3
mistral-7b,page_count,556,3
mistral-7b,page_count,557,3
mistral-7b,page_count,558,3
mistral-7b,page_count,559,3
mistral-7b,page_count,560,3
mistral-7b,page_count,561,3
mistral-7b,page_count,562,3
mistral-7b,page_count,563,3
mistral-7b,page_count,564,3
mistral-7b,page_count,565,3
mistral-7b,page_count,566,3
mistral-7b,page_count,567,3
mistral-7b,page_count,568,3
mistral-7b,page_count,569,3
mistral-7b,page_count,570,3
mistral-7b,page_count,571,3
mistral-7b,page_count,572,3
mistral-7b,page_count,573,3
mistral-7b,page_count,574,3
mistral-7b,page_count,575,3
mistral-7b,page_count,576,3
mistral-7b,page_count,577,3
mistral-7b,page_count,578,3
mistral-7b,page_count,579,3
mistral-7b,page_count,580,3
mistral-7b,page_count,581,3
mistral-7b,page_count,582,3
mistral-7b,page_count,583,3
mistral-7b,page_count,584,3
mistral-7b,page_count,585,3
mistral-7b,page_count,586,3
mistral-7b,page_count,587,3
mistral-7b,page_count,588,3
mistral-7b,page_count,589,3
mistral-7b,page_count,590,3
mistral-7b,page_count,591,3
mistral-7b,page_count,592,3
mistral-7b,page_count,593,3
mistral-7b,page_count,594,3
mistral-7b,page_count,595,3
mistral-7b,page_count,596,3
mistral-7b,page_count,597,3
mistral-7b,page_count,598,3
mistral-7b,page_count,599,3
mistral-7b,page_count,600,3
mistral-7b,page_count,601,3
mistral-7b,page_count,602,3
mistral-7b,page_count,603,3
mistral-7b,page_count,604,3
mistral-7b,page_count,605,3
mistral-7b,page_count,606,3
mistral-7b,page_count,607,3
mistral-7b,page_count,608,3
mistral-7b,page_count,609,3
mistral-7b,page_count,610,3
mistral-7b,page_count,611,3
mistral-7b,page_count,612,3
mistral-7b,page_count,613,3
mistral-7b,page_count,614,3
mistral-7b,page_count,615,3
mistral-7b,page_count,616,3
mistral-7b,page_count,617,3
mistral-7b,page_count,618,3
mistral-7b,page_count,619,3
mistral-7b,page_count,620,3
mistral-7b,page_count,621,3
mistral-7b,page_count,622,3
mistral-7b,page_count,623,3
mistral-7b,page_count,624,3
mistral-7b,page_count,625,3
mistral-7b,page_count,626,3
mistral-7b,page_count,627,3
mistral-7b,page_count,628,3
mistral-7b,page_count,629,3
mistral-7b,page_count,630,3
mistral-7b,page_count,631,3
mistral-7b,page_count,632,3
mistral-7b,page_count,633,3
mistral-7b,page_count,634,3
mistral-7b,page_count,635,3
mistral-7b,page_count,636,3
mistral-7b,page_count,637,3
mistral-7b,page_count,638,3
mistral-7b,page_count,639,3
mistral-7b,page_count,640,3
mistral-7b,page_count,641,3
mistral-7b,page_count,642,3
mistral-7b,page_count,643,3
mistral-7b,page_count,644,3
mistral-7b,page_count,645,3
mistral-7b,page_count,646,3
mistral-7b,page_count,647,3
mistral-7b,page_count,648,3
mistral-7b,page_count,649,3
mistral-7b,page_count,650,3
mistral-7b,page_count,651,3
mistral-7b,page_count,652,3
mistral-7b,page_count,653,3
mistral-7b,page_count,654,3
mistral-7b,page_count,655,3
mistral-7b,page_count,656,3
mistral-7b,page_count,657,3
mistral-7b,page_count,658,3
mistral-7b,page_count,659,3
mistral-7b,page_count,660,3
mistral-7b,page_count,661,3
mistral-7b,page_count,662,3
mistral-7b,page_count,663,3
mistral-7b,page_count,664,3
mistral-7b,page_count,665,3
mistral-7b,page_count,666,3
mistral-7b,page_count,667,3
mistral-7b,page_count,668,3
mistral-7b,page_count,669,3
mistral-7b,page_count,670,3
mistral-7b,page_count,671,3
mistral-7b,page_count,672,3
mistral-7b,page_count,673,3
mistral-7b,page_count,674,3
mistral-7b,page_count,675,3
mistral-7b,page_count,676,3
mistral-7b,page_count,677,3
mistral-7b,page_count,678,3
mistral-7b,page_count,679,3
mistral-7b,page_count,680,3
mistral-7b,page_count,681,3
mistral-7b,page_count,682,3
mistral-7b,page_count,683,3
mistral-7b,page_count,684,3
mistral-7b,page_count,685,3
mistral-7b,page_count,686,3
mistral-7b,page_count,687,3
mistral-7b,page_count,688,3
mistral-7b,page_count,689,3
mistral-7b,page_count,690,3
mistral-7b,page_count,691,3
mistral-7b,page_count,692,3
mistral-7b,page_count,693,3
mistral-7b,page_count,694,3
mistral-7b,page_count,695,3
mistral-7b,page_count,696,3
mistral-7b,page_count,697,3
mistral-7b,page_count,698,3
mistral-7b,page_count,699,3
mistral-7b,page_count,700,3
mistral-7b,page_count,701,3
mistral-7b,page_count,702,3
mistral-7b,page_count,703,3
mistral-7b,page_count,704,3
mistral-7b,page_count,705,3
mistral-7b,page_count,706,3
mistral-7b,page_count,707,3
mistral-7b,page_count,708,3
mistral-7b,page_count,709,3
mistral-7b,page_count,710,3
mistral-7b,page_count,711,3
mistral-7b,page_count,712,3
mistral-7b,page_count,713,3
mistral-7b,page_count,714,3
mistral-7b,page_count,715,3
mistral-7b,page_count,716,3
mistral-7b,page_count,717,3
mistral-7b,page_count,718,3
mistral-7b,page_count,719,3
mistral-7b,page_count,720,3
mistral-7b,page_count,721,3
mistral-7b,page_count,722,3
mistral-7b,page_count,723,3
mistral-7b,page_count,724,3
mistral-7b,page_count,725,3
mistral-7b,page_count,726,3
mistral-7b,page_count,727,3
mistral-7b,page_count,728,3
mistral-7b,page_count,729,3
mistral-7b,page_count,730,3
mistral-7b,page_count,731,3
mistral-7b,page_count,732,3
mistral-7b,page_count,733,3
mistral-7b,page_count,734,3
mistral-7b,page_count,735,3
mistral-7b,page_count,736,3
mistral-7b,page_count,737,3
mistral-7b,page_count,738,3
mistral-7b,page_count,739,3
mistral-7b,page_count,740,3
mistral-7b,page_count,741,3
mistral-7b,page_count,742,3
mistral-7b,page_count,743,3
mistral-7b,page_count,744,3
mistral-7b,page_count,745,3
mistral-7b,page_count,746,3
mistral-7b,page_count,747,3
mistral-7b,page_count,748,3
mistral-7b,page_count,749,3
mistral-7b,page_count,750,3
mistral-7b,page_count,751,3
mistral-7b,page_count,752,3
mistral-7b,page_count,753,3
mistral-7b,page_count,754,3
mistral-7b,page_count,755,3
mistral-7b,page_count,756,3
mistral-7b,page_count,757,3
mistral-7b,page_count,758,3
mistral-7b,page_count,759,3
mistral-7b,page_count,760,3
mistral-7b,page_count,761,3
mistral-7b,page_count,762,3
mistral-7b,page_count,763,3
mistral-7b,page_count,764,3
mistral-7b,page_count,765,3
mistral-7b,page_count,766,3
mistral-7b,page_count,767,3
mistral-7b,page_count,768,3
mistral-7b,page_count,769,3
mistral-7b,page_count,770,3
mistral-7b,page_count,771,3
mistral-7b,page_count,772,3
mistral-7b,page_count,773,3
mistral-7b,page_count,774,3
mistral-7b,page_count,775,3
mistral-7b,page_count,776,3
mistral-7b,page_count,777,3
mistral-7b,page_count,778,3
mistral-7b,page_count,779,3
mistral-7b,page_count,780,3
mistral-7b,page_count,781,3
mistral-7b,page_count,782,3
mistral-7b,page_count,783,3
mistral-7b,page_count,784,3
mistral-7b,page_count,785,3
mistral-7b,page_count,786,3
mistral-7b,page_count,787,3
mistral-7b,page_count,788,3
mistral-7b,page_count,789,3
mistral-7b,page_count,790,3
mistral-7b,page_count,791,3
mistral-7b,page_count,792,3
mistral-7b,page_count,793,3
mistral-7b,page_count,794,3
mistral-7b,page_count,795,3
mistral-7b,page_count,796,3
mistral-7b,page_count,797,3
mistral-7b,page_count,798,3
mistral-7b,page_count,799,3
mistral-7b,page_count,800,3
mistral-7b,page_count,801,3
mistral-7b,page_count,802,3
mistral-7b,page_count,803,3
mistral-7b,page_count,804,3
mistral-7b,page_count,805,3
mistral-7b,page_count,806,3
mistral-7b,page_count,807,3
mistral-7b,page_count,808,3
mistral-7b,page_count,809,3
mistral-7b,page_count,810,3
mistral-7b,page_count,811,3
mistral-7b,page_count,812,3
mistral-7b,page_count,813,3
mistral-7b,page_count,814,3
mistral-7b,page_count,815,3
mistral-7b,page_count,816,3
mistral-7b,page_count,817,3
mistral-7b,page_count,818,3
mistral-7b,page_count,819,3
mistral-7b,page_count,820,3
mistral-7b,page_count,821,3
mistral-7b,page_count,822,3
mistral-7b,page_count,823,3
mistral-7b,page_count,824,3
mistral-7b,page_count,825,3
mistral-7b,page_count,826,3
mistral-7b,page_count,827,3
mistral-7b,page_count,828,3
mistral-7b,page_count,829,3
mistral-7b,page_count,830,3
mistral-7b,page_count,831,3
mistral-7b,page_count,832,3
mistral-7b,page_count,833,3
mistral-7b,page_count,834,3
mistral-7b,page_count,835,3
mistral-7b,page_count,836,3
mistral-7b,page_count,837,3
mistral-7b,page_count,838,3
mistral-7b,page_count,839,3
mistral-7b,page_count,840,3
mistral-7b,page_count,841,3
mistral-7b,page_count,842,3
mistral-7b,page_count,843,3
mistral-7b,page_count,844,3
mistral-7b,page_count,845,3
mistral-7b,page_count,846,3
mistral-7b,page_count,847,3
mistral-7b,page_count,848,3
mistral-7b,page_count,849,3
mistral-7b,page_count,850,3
mistral-7b,page_count,851,3
mistral-7b,page_count,852,3
mistral-7b,page_count,853,3
mistral-7b,page_count,854,3
mistral-7b,page_count,855,3
mistral-7b,page_count,856,3
mistral-7b,page_count,857,3
mistral-7b,page_count,858,3
mistral-7b,page_count,859,3
mistral-7b,page_count,860,3
mistral-7b,page_count,861,3
mistral-7b,page_count,862,3
mistral-7b,page_count,863,3
mistral-7b,page_count,864,3
mistral-7b,page_count,865,3
mistral-7b,page_count,866,3
mistral-7b,page_count,867,3
mistral-7b,page_count,868,3
mistral-7b,page_count,869,3
mistral-7b,page_count,870,3
mistral-7b,page_count,871,3
mistral-7b,page_count,872,3
mistral-7b,page_count,873,3
mistral-7b,page_count,874,3
mistral-7b,page_count,875,3
mistral-7b,page_count,876,3
mistral-7b,page_count,877,3
mistral-7b,page_count,878,3
mistral-7b,page_count,879,3
mistral-7b,page_count,880,3
mistral-7b,page_count,881,3
mistral-7b,page_count,882,3
mistral-7b,page_count,883,3
mistral-7b,page_count,884,3
mistral-7b,page_count,885,3
mistral-7b,page_count,886,3
mistral-7b,page_count,887,3
mistral-7b,page_count,888,3
mistral-7b,page_count,889,3
mistral-7b,page_count,890,3
mistral-7b,page_count,891,3
mistral-7b,page_count,892,3
mistral-7b,page_count,893,3
mistral-7b,page_count,894,3
mistral-7b,page_count,895,3
mistral-7b,page_count,896,3
mistral-7b,page_count,897,3
mistral-7b,page_count,898,3
mistral-7b,page_count,899,3
mistral-7b,page_count,900,3
mistral-7b,page_count,901,3
mistral-7b,page_count,902,3
mistral-7b,page_count,903,3
mistral-7b,page_count,904,3
mistral-7b,page_count,905,3
mistral-7b,page_count,906,3
mistral-7b,page_count,907,3
mistral-7b,page_count,908,3
mistral-7b,page_count,909,3
mistral-7b,page_count,910,3
mistral-7b,page_count,911,3
mistral-7b,page_count,912,3
mistral-7b,page_count,913,3
mistral-7b,page_count,914,3
mistral-7b,page_count,915,3
mistral-7b,page_count,916,3
mistral-7b,page_count,917,3
mistral-7b,page_count,918,3
mistral-7b,page_count,919,3
mistral-7b,page_count,920,3
mistral-7b,page_count,921,3
mistral-7b,page_count,922,3
mistral-7b,page_count,923,3
mistral-7b,page_count,924,3
mistral-7b,page_count,925,3
mistral-7b,page_count,926,3
mistral-7b,page_count,927,3
mistral-7b,page_count,928,3
mistral-7b,page_count,929,3
mistral-7b,page_count,930,3
mistral-7b,page_count,931,3
mistral-7b,page_count,932,3
mistral-7b,page_count,933,3
mistral-7b,page_count,934,3
mistral-7b,page_count,935,3
mistral-7b,page_count,936,3
mistral-7b,page_count,937,3
mistral-7b,page_count,938,3
mistral-7b,page_count,939,3
mistral-7b,page_count,940,3
mistral-7b,page_count,941,3
mistral-7b,page_count,942,3
mistral-7b,page_count,943,3
mistral-7b,page_count,944,3
mistral-7b,page_count,945,3
mistral-7b,page_count,946,3
mistral-7b,page_count,947,3
mistral-7b,page_count,948,3
mistral-7b,page_count,949,3
mistral-7b,page_count,950,3
mistral-7b,page_count,951,3
mistral-7b,page_count,952,3
mistral-7b,page_count,953,3
mistral-7b,page_count,954,3
mistral-7b,page_count,955,3
mistral-7b,page_count,956,3
mistral-7b,page_count,957,3
mistral-7b,page_count,958,3
mistral-7b,page_count,959,3
mistral-7b,page_count,960,3
mistral-7b,page_count,961,3
mistral-7b,page_count,962,3
mistral-7b,page_count,963,3
mistral-7b,page_count,964,3
mistral-7b,page_count,965,3
mistral-7b,page_count,966,3
mistral-7b,page_count,967,3
mistral-7b,page_count,968,3
mistral-7b,page_count,969,3
mistral-7b,page_count,970,3
mistral-7b,page_count,971,3
mistral-7b,page_count,972,3
mistral-7b,page_count,973,3
mistral-7b,page_count,974,3
mistral-7b,page_count,975,3
mistral-7b,page_count,976,3
mistral-7b,page_count,977,3
mistral-7b,page_count,978,3
mistral-7b,page_count,979,3
mistral-7b,page_count,980,3
mistral-7b,page_count,981,3
mistral-7b,page_count,982,3
mistral-7b,page_count,983,3
mistral-7b,page_count,984,3
mistral-7b,page_count,985,3
mistral-7b,page_count,986,3
mistral-7b,page_count,987,3
mistral-7b,page_count,988,3
mistral-7b,page_count,989,3
mistral-7b,page_count,990,3
mistral-7b,page_count,991,3
mistral-7b,page_count,992,3
mistral-7b,page_count,993,3
mistral-7b,page_count,994,3
mistral-7b,page_count,995,3
mistral-7b,page_count,996,3
mistral-7b,page_count,997,3
mistral-7b,page_count,998,3
phi3.5-mini,temperature,10,2
phi3.5-mini,temperature,11,2
phi3.5-mini,temperature,12,2
phi3.5-mini,temperature,13,2
phi3.5-mini,temperature,14,2
phi3.5-mini,temperature,15,2
phi3.5-mini,temperature,16,2
phi3.5-mini,temperature,17,2
phi3.5-mini,temperature,18,2
phi3.5-mini,temperature,19,2
phi3.5-mini,temperature,20,2
phi3.5-mini,temperature,21,2
phi3.5-mini,temperature,22,2
phi3.5-mini,temperature,23,2
phi3.5-mini,temperature,24,2
phi3.5-mini,temperature,25,2
phi3.5-mini,temperature,26,2
phi3.5-mini,temperature,27,2
phi3.5-mini,temperature,28,2
phi3.5-mini,temperature,29,2
phi3.5-mini,temperature,30,2
phi3.5-mini,temperature,31,2
phi3.5-mini,temperature,32,2
phi3.5-mini,temperature,33,2
phi3.5-mini,temperature,34,2
phi3.5-mini,temperature,35,2
phi3.5-mini,temperature,36,2
phi3.5-mini,temperature,37,2
phi3.5-mini,temperature,38,2
phi3.5-mini,temperature,39,2
phi3.5-mini,temperature,40,2
phi3.5-mini,temperature,41,2
phi3.5-mini,temperature,42,2
phi3.5-mini,temperature,43,2
phi3.5-mini,temperature,44,2
phi3.5-mini,temperature,45,2
phi3.5-mini,temperature,46,2
phi3.5-mini,temperature,47,2
phi3.5-mini,temperature,48,2
phi3.5-mini,temperature,49,2
phi3.5-mini,temperature,50,2
phi3.5-mini,temperature,51,2
phi3.5-mini,temperature,52,2
phi3.5-mini,temperature,53,2
phi3.5-mini,temperature,54,2
phi3.5-mini,temperature,55,2
phi3.5-mini,temperature,56,2
phi3.5-mini,temperature,57,2
phi3.5-mini,temperature,58,2
phi3.5-mini,temperature,59,2
phi3.5-mini,temperature,60,2
phi3.5-mini,temperature,61,2
phi3.5-mini,temperature,62,2
phi3.5-mini,temperature,63,2
phi3.5-mini,temperature,64,2
phi3.5-mini,temperature,65,2
phi3.5-mini,temperature,66,2
phi3.5-mini,temperature,67,2
phi3.5-mini,temperature,68,2
phi3.5-mini,temperature,69,2
phi3.5-mini,temperature,70,2
phi3.5-mini,temperature,71,2
phi3.5-mini,temperature,72,2
phi3.5-mini,temperature,73,2
phi3.5-mini,temperature,74,2
phi3.5-mini,temperature,75,2
phi3.5-mini,temperature,76,2
phi3.5-mini,temperature,77,2
phi3.5-mini,temperature,78,2
phi3.5-mini,temperature,79,2
phi3.5-mini,temperature,80,2
phi3.5-mini,temperature,81,2
phi3.5-mini,temperature,82,2
phi3.5-mini,temperature,83,2
phi3.5-mini,temperature,84,2
phi3.5-mini,temperature,85,2
phi3.5-mini,temperature,86,2
phi3.5-mini,temperature,87,2
phi3.5-mini,temperature,88,2
phi3.5-mini,temperature,89,2
phi3.5-mini,temperature,90,2
phi3.5-mini,temperature,91,2
phi3.5-mini,temperature,92,2
phi3.5-mini,temperature,93,2
phi3.5-mini,temperature,94,2
phi3.5-mini,temperature,95,2
phi3.5-mini,temperature,96,2
phi3.5-mini,temperature,97,2
phi3.5-mini,temperature,98,2
phi3.5-mini,temperature,99,2
phi3.5-mini,temperature,100,3
phi3.5-mini,temperature,101,3
phi3.5-mini,temperature,102,3
phi3.5-mini,temperature,103,3
phi3.5-mini,temperature,104,3
phi3.5-mini,temperature,105,3
phi3.5-mini,temperature,106,3
phi3.5-mini,temperature,107,3
phi3.5-mini,temperature,108,3
phi3.5-mini,temperature,109,3
phi3.5-mini,temperature,110,3
phi3.5-mini,temperature,111,3
phi3.5-mini,temperature,112,3
phi3.5-mini,temperature,113,3
phi3.5-mini,temperature,114,3
phi3.5-mini,temperature,115,3
phi3.5-mini,temperature,116,3
phi3.5-mini,temperature,117,3
phi3.5-mini,temperature,118,3
phi3.5-mini,temperature,119,3
phi3.5-mini,temperature,120,3
phi3.5-mini,temperature,121,3
phi3.5-mini,temperature,122,3
phi3.5-mini,temperature,123,3
phi3.5-mini,temperature,124,3
phi3.5-mini,temperature,125,3
phi3.5-mini,temperature,126,3
phi3.5-mini,temperature,127,3
phi3.5-mini,temperature,128,3
phi3.5-mini,temperature,129,3
phi3.5-mini,temperature,130,3
phi3.5-mini,temperature,131,3
phi3.5-mini,temperature,132,3
phi3.5-mini,temperature,133,3
phi3.5-mini,temperature,134,3
phi3.5-mini,temperature,135,3
phi3.5-mini,temperature,136,3
phi3.5-mini,temperature,137,3
phi3.5-mini,temperature,138,3
phi3.5-mini,temperature,139,3
phi3.5-mini,temperature,140,3
phi3.5-mini,temperature,141,3
phi3.5-mini,temperature,142,3
phi3.5-mini,temperature,143,3
phi3.5-mini,temperature,144,3
phi3.5-mini,temperature,145,3
phi3.5-mini,temperature,146,3
phi3.5-mini,temperature,147,3
phi3.5-mini,temperature,148,3
phi3.5-mini,temperature,149,3
phi3.5-mini,temperature,150,3
phi3.5-mini,temperature,151,3
phi3.5-mini,temperature,152,3
phi3.5-mini,temperature,153,3
phi3.5-mini,temperature,154,3
phi3.5-mini,temperature,155,3
phi3.5-mini,temperature,156,3
phi3.5-mini,temperature,157,3
phi3.5-mini,temperature,158,3
phi3.5-mini,temperature,159,3
phi3.5-mini,temperature,160,3
phi3.5-mini,temperature,161,3
phi3.5-mini,temperature,162,3
phi3.5-mini,temperature,163,3
phi3.5-mini,temperature,164,3
phi3.5-mini,temperature,165,3
phi3.5-mini,temperature,166,3
phi3.5-mini,temperature,167,3
phi3.5-mini,temperature,168,3
phi3.5-mini,temperature,169,3
phi3.5-mini,temperature,170,3
phi3.5-mini,temperature,171,3
phi3.5-mini,temperature,172,3
phi3.5-mini,temperature,173,3
phi3.5-mini,temperature,174,3
phi3.5-mini,temperature,175,3
phi3.5-mini,temperature,176,3
phi3.5-mini,temperature,177,3
phi3.5-mini,temperature,178,3
phi3.5-mini,temperature,179,3
phi3.5-mini,temperature,180,3
phi3.5-mini,temperature,181,3
phi3.5-mini,temperature,182,3
phi3.5-mini,temperature,183,3
phi3.5-mini,temperature,184,3
phi3.5-mini,temperature,185,3
phi3.5-mini,temperature,186,3
phi3.5-mini,temperature,187,3
phi3.5-mini,temperature,188,3
phi3.5-mini,temperature,189,3
phi3.5-mini,temperature,190,3
phi3.5-mini,temperature,191,3
phi3.5-mini,temperature,192,3
phi3.5-mini,temperature,193,3
phi3.5-mini,temperature,194,3
phi3.5-mini,temperature,195,3
phi3.5-mini,temperature,196,3
phi3.5-mini,temperature,197,3
phi3.5-mini,temperature,198,3
phi3.5-mini,temperature,199,3
phi3.5-mini,temperature,200,3
phi3.5-mini,temperature,201,3
phi3.5-mini,temperature,202,3
phi3.5-mini,temperature,203,3
phi3.5-mini,temperature,204,3
phi3.5-mini,temperature,205,3
phi3.5-mini,temperature,206,3
phi3.5-mini,temperature,207,3
phi3.5-mini,temperature,208,3
phi3.5-mini,temperature,209,3
phi3.5-mini,temperature,210,3
phi3.5-mini,temperature,211,3
phi3.5-mini,temperature,212,3
phi3.5-mini,temperature,213,3
phi3.5-mini,temperature,214,3
phi3.5-mini,temperature,215,3
phi3.5-mini,temperature,216,3
phi3.5-mini,temperature,217,3
phi3.5-mini,temperature,218,3
phi3.5-mini,temperature,219,3
phi3.5-mini,temperature,220,3
phi3.5-mini,temperature,221,3
phi3.5-mini,temperature,222,3
phi3.5-mini,temperature,223,3
phi3.5-mini,temperature,224,3
phi3.5-mini,temperature,225,3
phi3.5-mini,temperature,226,3
phi3.5-mini,temperature,227,3
phi3.5-mini,temperature,228,3
phi3.5-mini,temperature,229,3
phi3.5-mini,temperature,230,3
phi3.5-mini,temperature,231,3
phi3.5-mini,temperature,232,3
phi3.5-mini,temperature,233,3
phi3.5-mini,temperature,234,3
phi3.5-mini,temperature,235,3
phi3.5-mini,temperature,236,3
phi3.5-mini,temperature,237,3
phi3.5-mini,temperature,238,3
phi3.5-mini,temperature,239,3
phi3.5-mini,temperature,240,3
phi3.5-mini,temperature,241,3
phi3.5-mini,temperature,242,3
phi3.5-mini,temperature,243,3
phi3.5-mini,temperature,244,3
phi3.5-mini,temperature,245,3
phi3.5-mini,temperature,246,3
phi3.5-mini,temperature,247,3
phi3.5-mini,temperature,248,3
phi3.5-mini,temperature,249,3
phi3.5-mini,temperature,250,3
phi3.5-mini,temperature,251,3
phi3.5-mini,temperature,252,3
phi3.5-mini,temperature,253,3
phi3.5-mini,temperature,254,3
phi3.5-mini,temperature,255,3
phi3.5-mini,temperature,256,3
phi3.5-mini,temperature,257,3
phi3.5-mini,temperature,258,3
phi3.5-mini,temperature,259,3
phi3.5-mini,temperature,260,3
phi3.5-mini,temperature,261,3
phi3.5-mini,temperature,262,3
phi3.5-mini,temperature,263,3
phi3.5-mini,temperature,264,3
phi3.5-mini,temperature,265,3
phi3.5-mini,temperature,266,3
phi3.5-mini,temperature,267,3
phi3.5-mini,temperature,268,3
phi3.5-mini,temperature,269,3
phi3.5-mini,temperature,270,3
phi3.5-mini,temperature,271,3
phi3.5-mini,temperature,272,3
phi3.5-mini,temperature,273,3
phi3.5-mini,temperature,274,3
phi3.5-mini,temperature,275,3
phi3.5-mini,temperature,276,3
phi3.5-mini,temperature,277,3
phi3.5-mini,temperature,278,3
phi3.5-mini,temperature,279,3
phi3.5-mini,temperature,280,3
phi3.5-mini,temperature,281,3
phi3.5-mini,temperature,282,3
phi3.5-mini,temperature,283,3
phi3.5-mini,temperature,284,3
phi3.5-mini,temperature,285,3
phi3.5-mini,temperature,286,3
phi3.5-mini,temperature,287,3
phi3.5-mini,temperature,288,3
phi3.5-mini,temperature,289,3
phi3.5-mini,temperature,290,3
phi3.5-mini,temperature,291,3
phi3.5-mini,temperature,292,3
phi3.5-mini,temperature,293,3
phi3.5-mini,temperature,294,3
phi3.5-mini,temperature,295,3
phi3.5-mini,temperature,296,3
phi3.5-mini,temperature,297,3
phi3.5-mini,temperature,298,3
phi3.5-mini,temperature,299,3
phi3.5-mini,temperature,300,3
phi3.5-mini,temperature,301,3
phi3.5-mini,temperature,302,3
phi3.5-mini,temperature,303,3
phi3.5-mini,temperature,304,3
phi3.5-mini,temperature,305,3
phi3.5-mini,temperature,306,3
phi3.5-mini,temperature,307,3
phi3.5-mini,temperature,308,3
phi3.5-mini,temperature,309,3
phi3.5-mini,temperature,310,3
phi3.5-mini,temperature,311,3
phi3.5-mini,temperature,312,3
phi3.5-mini,temperature,313,3
phi3.5-mini,temperature,314,3
phi3.5-mini,temperature,315,3
phi3.5-mini,temperature,316,3
phi3.5-mini,temperature,317,3
phi3.5-mini,temperature,318,3
phi3.5-mini,temperature,319,3
phi3.5-mini,temperature,320,3
phi3.5-mini,temperature,321,3
phi3.5-mini,temperature,322,3
phi3.5-mini,temperature,323,3
phi3.5-mini,temperature,324,3
phi3.5-mini,temperature,325,3
phi3.5-mini,temperature,326,3
phi3.5-mini,temperature,327,3
phi3.5-mini,temperature,328,3
phi3.5-mini,temperature,329,3
phi3.5-mini,temperature,330,3
phi3.5-mini,temperature,331,3
phi3.5-mini,temperature,332,3
phi3.5-mini,temperature,333,3
phi3.5-mini,temperature,334,3
phi3.5-mini,temperature,335,3
phi3.5-mini,temperature,336,3
phi3.5-mini,temperature,337,3
phi3.5-mini,temperature,338,3
phi3.5-mini,temperature,339,3
phi3.5-mini,temperature,340,3
phi3.5-mini,temperature,341,3
phi3.5-mini,temperature,342,3
phi3.5-mini,temperature,343,3
phi3.5-mini,temperature,344,3
phi3.5-mini,temperature,345,3
phi3.5-mini,temperature,346,3
phi3.5-mini,temperature,347,3
phi3.5-mini,temperature,348,3
phi3.5-mini,temperature,349,3
phi3.5-mini,temperature,350,3
phi3.5-mini,temperature,351,3
phi3.5-mini,temperature,352,3
phi3.5-mini,temperature,353,3
phi3.5-mini,temperature,354,3
phi3.5-mini,temperature,355,3
phi3.5-mini,temperature,356,3
phi3.5-mini,temperature,357,3
phi3.5-mini,temperature,358,3
phi3.5-mini,temperature,359,3
phi3.5-mini,temperature,360,3
phi3.5-mini,temperature,361,3
phi3.5-mini,temperature,362,3
phi3.5-mini,temperature,363,3
phi3.5-mini,temperature,364,3
phi3.5-mini,temperature,365,3
phi3.5-mini,temperature,366,3
phi3.5-mini,temperature,367,3
phi3.5-mini,temperature,368,3
phi3.5-mini,temperature,369,3
phi3.5-mini,temperature,370,3
phi3.5-mini,temperature,371,3
phi3.5-mini,temperature,372,3
phi3.5-mini,temperature,373,3
phi3.5-mini,temperature,374,3
phi3.5-mini,temperature,375,3
phi3.5-mini,temperature,376,3
phi3.5-mini,temperature,377,3
phi3.5-mini,temperature,378,3
phi3.5-mini,temperature,379,3
phi3.5-mini,temperature,380,3
phi3.5-mini,temperature,381,3
phi3.5-mini,temperature,382,3
phi3.5-mini,temperature,383,3
phi3.5-mini,temperature,384,3
phi3.5-mini,temperature,385,3
phi3.5-mini,temperature,386,3
phi3.5-mini,temperature,387,3
phi3.5-mini,temperature,388,3
phi3.5-mini,temperature,389,3
phi3.5-mini,temperature,390,3
phi3.5-mini,temperature,391,3
phi3.5-mini,temperature,392,3
phi3.5-mini,temperature,393,3
phi3.5-mini,temperature,394,3
phi3.5-mini,temperature,395,3
phi3.5-mini,temperature,396,3
phi3.5-mini,temperature,397,3
phi3.5-mini,temperature,398,3
phi3.5-mini,temperature,399,3
phi3.5-mini,temperature,400,3
phi3.5-mini,temperature,401,3
phi3.5-mini,temperature,402,3
phi3.5-mini,temperature,403,3
phi3.5-mini,temperature,404,3
phi3.5-mini,temperature,405,3
phi3.5-mini,temperature,406,3
phi3.5-mini,temperature,407,3
phi3.5-mini,temperature,408,3
phi3.5-mini,temperature,409,3
phi3.5-mini,temperature,410,3
phi3.5-mini,temperature,411,3
phi3.5-mini,temperature,412,3
phi3.5-mini,temperature,413,3
phi3.5-mini,temperature,414,3
phi3.5-mini,temperature,415,3
phi3.5-mini,temperature,416,3
phi3.5-mini,temperature,417,3
phi3.5-mini,temperature,418,3
phi3.5-mini,temperature,419,3
phi3.5-mini,temperature,420,3
phi3.5-mini,temperature,421,3
phi3.5-mini,temperature,422,3
phi3.5-mini,temperature,423,3
phi3.5-mini,temperature,424,3
phi3.5-mini,temperature,425,3
phi3.5-mini,temperature,426,3
phi3.5-mini,temperature,427,3
phi3.5-mini,temperature,428,3
phi3.5-mini,temperature,429,3
phi3.5-mini,temperature,430,3
phi3.5-mini,temperature,431,3
phi3.5-mini,temperature,432,3
phi3.5-mini,temperature,433,3
phi3.5-mini,temperature,434,3
phi3.5-mini,temperature,435,3
phi3.5-mini,temperature,436,3
phi3.5-mini,temperature,437,3
phi3.5-mini,temperature,438,3
phi3.5-mini,temperature,439,3
phi3.5-mini,temperature,440,3
phi3.5-mini,temperature,441,3
phi3.5-mini,temperature,442,3
phi3.5-mini,temperature,443,3
phi3.5-mini,temperature,444,3
phi3.5-mini,temperature,445,3
phi3.5-mini,temperature,446,3
phi3.5-mini,temperature,447,3
phi3.5-mini,temperature,448,3
phi3.5-mini,temperature,449,3
phi3.5-mini,temperature,450,3
phi3.5-mini,temperature,451,3
phi3.5-mini,temperature,452,3
phi3.5-mini,temperature,453,3
phi3.5-mini,temperature,454,3
phi3.5-mini,temperature,455,3
phi3.5-mini,temperature,456,3
phi3.5-mini,temperature,457,3
phi3.5-mini,temperature,458,3
phi3.5-mini,temperature,459,3
phi3.5-mini,temperature,460,3
phi3.5-mini,temperature,461,3
phi3.5-mini,temperature,462,3
phi3.5-mini,temperature,463,3
phi3.5-mini,temperature,464,3
phi3.5-mini,temperature,465,3
phi3.5-mini,temperature,466,3
phi3.5-mini,temperature,467,3
phi3.5-mini,temperature,468,3
phi3.5-mini,temperature,469,3
phi3.5-mini,temperature,470,3
phi3.5-mini,temperature,471,3
phi3.5-mini,temperature,472,3
phi3.5-mini,temperature,473,3
phi3.5-mini,temperature,474,3
phi3.5-mini,temperature,475,3
phi3.5-mini,temperature,476,3
phi3.5-mini,temperature,477,3
phi3.5-mini,temperature,478,3
phi3.5-mini,temperature,479,3
phi3.5-mini,temperature,480,3
phi3.5-mini,temperature,481,3
phi3.5-mini,temperature,482,3
phi3.5-mini,temperature,483,3
phi3.5-mini,temperature,484,3
phi3.5-mini,temperature,485,3
phi3.5-mini,temperature,486,3
phi3.5-mini,temperature,487,3
phi3.5-mini,temperature,488,3
phi3.5-mini,temperature,489,3
phi3.5-mini,temperature,490,3
phi3.5-mini,temperature,491,3
phi3.5-mini,temperature,492,3
phi3.5-mini,temperature,493,3
phi3.5-mini,temperature,494,3
phi3.5-mini,temperature,495,3
phi3.5-mini,temperature,496,3
phi3.5-mini,temperature,497,3
phi3.5-mini,temperature,498,3
phi3.5-mini,temperature,499,3
phi3.5-mini,temperature,500,3
phi3.5-mini,temperature,501,3
phi3.5-mini,temperature,502,3
phi3.5-mini,temperature,503,3
phi3.5-mini,temperature,504,3
phi3.5-mini,temperature,505,3
phi3.5-mini,temperature,506,3
phi3.5-mini,temperature,507,3
phi3.5-mini,temperature,508,3
phi3.5-mini,temperature,509,3
phi3.5-mini,temperature,510,3
phi3.5-mini,temperature,511,3
phi3.5-mini,temperature,512,3
phi3.5-mini,temperature,513,3
phi3.5-mini,temperature,514,3
phi3.5-mini,temperature,515,3
phi3.5-mini,temperature,516,3
phi3.5-mini,temperature,517,3
phi3.5-mini,temperature,518,3
phi3.5-mini,temperature,519,3
phi3.5-mini,temperature,520,3
phi3.5-mini,temperature,521,3
phi3.5-mini,temperature,522,3
phi3.5-mini,temperature,523,3
phi3.5-mini,temperature,524,3
phi3.5-mini,temperature,525,3
phi3.5-mini,temperature,526,3
phi3.5-mini,temperature,527,3
phi3.5-mini,temperature,528,3
phi3.5-mini,temperature,529,3
phi3.5-mini,temperature,530,3
phi3.5-mini,temperature,531,3
phi3.5-mini,temperature,532,3
phi3.5-mini,temperature,533,3
phi3.5-mini,temperature,534,3
phi3.5-mini,temperature,535,3
phi3.5-mini,temperature,536,3
phi3.5-mini,temperature,537,3
phi3.5-mini,temperature,538,3
phi3.5-mini,temperature,539,3
phi3.5-mini,temperature,540,3
phi3.5-mini,temperature,541,3
phi3.5-mini,temperature,542,3
phi3.5-mini,temperature,543,3
phi3.5-mini,temperature,544,3
phi3.5-mini,temperature,545,3
phi3.5-mini,temperature,546,3
phi3.5-mini,temperature,547,3
phi3.5-mini,temperature,548,3
phi3.5-mini,temperature,549,3
phi3.5-mini,temperature,550,3
phi3.5-mini,temperature,551,3
phi3.5-mini,temperature,552,3
phi3.5-mini,temperature,553,3
phi3.5-mini,temperature,554,3
phi3.5-mini,temperature,555,3
phi3.5-mini,temperature,556,3
phi3.5-mini,temperature,557,3
phi3.5-mini,temperature,558,3
phi3.5-mini,temperature,559,3
phi3.5-mini,temperature,560,3
phi3.5-mini,temperature,561,3
phi3.5-mini,temperature,562,3
phi3.5-mini,temperature,563,3
phi3.5-mini,temperature,564,3
phi3.5-mini,temperature,565,3
phi3.5-mini,temperature,566,3
phi3.5-mini,temperature,567,3
phi3.5-mini,temperature,568,3
phi3.5-mini,temperature,569,3
phi3.5-mini,temperature,570,3
phi3.5-mini,temperature,571,3
phi3.5-mini,temperature,572,3
phi3.5-mini,temperature,573,3
phi3.5-mini,temperature,574,3
phi3.5-mini,temperature,575,3
phi3.5-mini,temperature,576,3
phi3.5-mini,temperature,577,3
phi3.5-mini,temperature,578,3
phi3.5-mini,temperature,579,3
phi3.5-mini,temperature,580,3
phi3.5-mini,temperature,581,3
phi3.5-mini,temperature,582,3
phi3.5-mini,temperature,583,3
phi3.5-mini,temperature,584,3
phi3.5-mini,temperature,585,3
phi3.5-mini,temperature,586,3
phi3.5-mini,temperature,587,3
phi3.5-mini,temperature,588,3
phi3.5-mini,temperature,589,3
phi3.5-mini,temperature,590,3
phi3.5-mini,temperature,591,3
phi3.5-mini,temperature,592,3
phi3.5-mini,temperature,593,3
phi3.5-mini,temperature,594,3
phi3.5-mini,temperature,595,3
phi3.5-mini,temperature,596,3
phi3.5-mini,temperature,597,3
phi3.5-mini,temperature,598,3
phi3.5-mini,temperature,599,3
phi3.5-mini,temperature,600,3
phi3.5-mini,temperature,601,3
phi3.5-mini,temperature,602,3
phi3.5-mini,temperature,603,3
phi3.5-mini,temperature,604,3
phi3.5-mini,temperature,605,3
phi3.5-mini,temperature,606,3
phi3.5-mini,temperature,607,3
phi3.5-mini,temperature,608,3
phi3.5-mini,temperature,609,3
phi3.5-mini,temperature,610,3
phi3.5-mini,temperature,611,3
phi3.5-mini,temperature,612,3
phi3.5-mini,temperature,613,3
phi3.5-mini,temperature,614,3
phi3.5-mini,temperature,615,3
phi3.5-mini,temperature,616,3
phi3.5-mini,temperature,617,3
phi3.5-mini,temperature,618,3
phi3.5-mini,temperature,619,3
phi3.5-mini,temperature,620,3
phi3.5-mini,temperature,621,3
phi3.5-mini,temperature,622,3
phi3.5-mini,temperature,623,3
phi3.5-mini,temperature,624,3
phi3.5-mini,temperature,625,3
phi3.5-mini,temperature,626,3
phi3.5-mini,temperature,627,3
phi3.5-mini,temperature,628,3
phi3.5-mini,temperature,629,3
phi3.5-mini,temperature,630,3
phi3.5-mini,temperature,631,3
phi3.5-mini,temperature,632,3
phi3.5-mini,temperature,633,3
phi3.5-mini,temperature,634,3
phi3.5-mini,temperature,635,3
phi3.5-mini,temperature,636,3
phi3.5-mini,temperature,637,3
phi3.5-mini,temperature,638,3
phi3.5-mini,temperature,639,3
phi3.5-mini,temperature,640,3
phi3.5-mini,temperature,641,3
phi3.5-mini,temperature,642,3
phi3.5-mini,temperature,643,3
phi3.5-mini,temperature,644,3
phi3.5-mini,temperature,645,3
phi3.5-mini,temperature,646,3
phi3.5-mini,temperature,647,3
phi3.5-mini,temperature,648,3
phi3.5-mini,temperature,649,3
phi3.5-mini,temperature,650,3
phi3.5-mini,temperature,651,3
phi3.5-mini,temperature,652,3
phi3.5-mini,temperature,653,3
phi3.5-mini,temperature,654,3
phi3.5-mini,temperature,655,3
phi3.5-mini,temperature,656,3
phi3.5-mini,temperature,657,3
phi3.5-mini,temperature,658,3
phi3.5-mini,temperature,659,3
phi3.5-mini,temperature,660,3
phi3.5-mini,temperature,661,3
phi3.5-mini,temperature,662,3
phi3.5-mini,temperature,663,3
phi3.5-mini,temperature,664,3
phi3.5-mini,temperature,665,3
phi3.5-mini,temperature,666,3
phi3.5-mini,temperature,667,3
phi3.5-mini,temperature,668,3
phi3.5-mini,temperature,669,3
phi3.5-mini,temperature,670,3
phi3.5-mini,temperature,671,3
phi3.5-mini,temperature,672,3
phi3.5-mini,temperature,673,3
phi3.5-mini,temperature,674,3
phi3.5-mini,temperature,675,3
phi3.5-mini,temperature,676,3
phi3.5-mini,temperature,677,3
phi3.5-mini,temperature,678,3
phi3.5-mini,temperature,679,3
phi3.5-mini,temperature,680,3
phi3.5-mini,temperature,681,3
phi3.5-mini,temperature,682,3
phi3.5-mini,temperature,683,3
phi3.5-mini,temperature,684,3
phi3.5-mini,temperature,685,3
phi3.5-mini,temperature,686,3
phi3.5-mini,temperature,687,3
phi3.5-mini,temperature,688,3
phi3.5-mini,temperature,689,3
phi3.5-mini,temperature,690,3
phi3.5-mini,temperature,691,3
phi3.5-mini,temperature,692,3
phi3.5-mini,temperature,693,3
phi3.5-mini,temperature,694,3
phi3.5-mini,temperature,695,3
phi3.5-mini,temperature,696,3
phi3.5-mini,temperature,697,3
phi3.5-mini,temperature,698,3
phi3.5-mini,temperature,699,3
phi3.5-mini,temperature,700,3
phi3.5-mini,temperature,701,3
phi3.5-mini,temperature,702,3
phi3.5-mini,temperature,703,3
phi3.5-mini,temperature,704,3
phi3.5-mini,temperature,705,3
phi3.5-mini,temperature,706,3
phi3.5-mini,temperature,707,3
phi3.5-mini,temperature,708,3
phi3.5-mini,temperature,709,3
phi3.5-mini,temperature,710,3
phi3.5-mini,temperature,711,3
phi3.5-mini,temperature,712,3
phi3.5-mini,temperature,713,3
phi3.5-mini,temperature,714,3
phi3.5-mini,temperature,715,3
phi3.5-mini,temperature,716,3
phi3.5-mini,temperature,717,3
phi3.5-mini,temperature,718,3
phi3.5-mini,temperature,719,3
phi3.5-mini,temperature,720,3
phi3.5-mini,temperature,721,3
phi3.5-mini,temperature,722,3
phi3.5-mini,temperature,723,3
phi3.5-mini,temperature,724,3
phi3.5-mini,temperature,725,3
phi3.5-mini,temperature,726,3
phi3.5-mini,temperature,727,3
phi3.5-mini,temperature,728,3
phi3.5-mini,temperature,729,3
phi3.5-mini,temperature,730,3
phi3.5-mini,temperature,731,3
phi3.5-mini,temperature,732,3
phi3.5-mini,temperature,733,3
phi3.5-mini,temperature,734,3
phi3.5-mini,temperature,735,3
phi3.5-mini,temperature,736,3
phi3.5-mini,temperature,737,3
phi3.5-mini,temperature,738,3
phi3.5-mini,temperature,739,3
phi3.5-mini,temperature,740,3
phi3.5-mini,temperature,741,3
phi3.5-mini,temperature,742,3
phi3.5-mini,temperature,743,3
phi3.5-mini,temperature,744,3
phi3.5-mini,temperature,745,3
phi3.5-mini,temperature,746,3
phi3.5-mini,temperature,747,3
phi3.5-mini,temperature,748,3
phi3.5-mini,temperature,749,3
phi3.5-mini,temperature,750,3
phi3.5-mini,temperature,751,3
phi3.5-mini,temperature,752,3
phi3.5-mini,temperature,753,3
phi3.5-mini,temperature,754,3
phi3.5-mini,temperature,755,3
phi3.5-mini,temperature,756,3
phi3.5-mini,temperature,757,3
phi3.5-mini,temperature,758,3
phi3.5-mini,temperature,759,3
phi3.5-mini,temperature,760,3
phi3.5-mini,temperature,761,3
phi3.5-mini,temperature,762,3
phi3.5-mini,temperature,763,3
phi3.5-mini,temperature,764,3
phi3.5-mini,temperature,765,3
phi3.5-mini,temperature,766,3
phi3.5-mini,temperature,767,3
phi3.5-mini,temperature,768,3
phi3.5-mini,temperature,769,3
phi3.5-mini,temperature,770,3
phi3.5-mini,temperature,771,3
phi3.5-mini,temperature,772,3
phi3.5-mini,temperature,773,3
phi3.5-mini,temperature,774,3
phi3.5-mini,temperature,775,3
phi3.5-mini,temperature,776,3
phi3.5-mini,temperature,777,3
phi3.5-mini,temperature,778,3
phi3.5-mini,temperature,779,3
phi3.5-mini,temperature,780,3
phi3.5-mini,temperature,781,3
phi3.5-mini,temperature,782,3
phi3.5-mini,temperature,783,3
phi3.5-mini,temperature,784,3
phi3.5-mini,temperature,785,3
phi3.5-mini,temperature,786,3
phi3.5-mini,temperature,787,3
phi3.5-mini,temperature,788,3
phi3.5-mini,temperature,789,3
phi3.5-mini,temperature,790,3
phi3.5-mini,temperature,791,3
phi3.5-mini,temperature,792,3
phi3.5-mini,temperature,793,3
phi3.5-mini,temperature,794,3
phi3.5-mini,temperature,795,3
phi3.5-mini,temperature,796,3
phi3.5-mini,temperature,797,3
phi3.5-mini,temperature,798,3
phi3.5-mini,temperature,799,3
phi3.5-mini,temperature,800,3
phi3.5-mini,temperature,801,3
phi3.5-mini,temperature,802,3
phi3.5-mini,temperature,803,3
phi3.5-mini,temperature,804,3
phi3.5-mini,temperature,805,3
phi3.5-mini,temperature,806,3
phi3.5-mini,temperature,807,3
phi3.5-mini,temperature,808,3
phi3.5-mini,temperature,809,3
phi3.5-mini,temperature,810,3
phi3.5-mini,temperature,811,3
phi3.5-mini,temperature,812,3
phi3.5-mini,temperature,813,3
phi3.5-mini,temperature,814,3
phi3.5-mini,temperature,815,3
phi3.5-mini,temperature,816,3
phi3.5-mini,temperature,817,3
phi3.5-mini,temperature,818,3
phi3.5-mini,temperature,819,3
phi3.5-mini,temperature,820,3
phi3.5-mini,temperature,821,3
phi3.5-mini,temperature,822,3
phi3.5-mini,temperature,823,3
phi3.5-mini,temperature,824,3
phi3.5-mini,temperature,825,3
phi3.5-mini,temperature,826,3
phi3.5-mini,temperature,827,3
phi3.5-mini,temperature,828,3
phi3.5-mini,temperature,829,3
phi3.5-mini,temperature,830,3
phi3.5-mini,temperature,831,3
phi3.5-mini,temperature,832,3
phi3.5-mini,temperature,833,3
phi3.5-mini,temperature,834,3
phi3.5-mini,temperature,835,3
phi3.5-mini,temperature,836,3
phi3.5-mini,temperature,837,3
phi3.5-mini,temperature,838,3
phi3.5-mini,temperature,839,3
phi3.5-mini,temperature,840,3
phi3.5-mini,temperature,841,3
phi3.5-mini,temperature,842,3
phi3.5-mini,temperature,843,3
phi3.5-mini,temperature,844,3
phi3.5-mini,temperature,845,3
phi3.5-mini,temperature,846,3
phi3.5-mini,temperature,847,3
phi3.5-mini,temperature,848,3
phi3.5-mini,temperature,849,3
phi3.5-mini,temperature,850,3
phi3.5-mini,temperature,851,3
phi3.5-mini,temperature,852,3
phi3.5-mini,temperature,853,3
phi3.5-mini,temperature,854,3
phi3.5-mini,temperature,855,3
phi3.5-mini,temperature,856,3
phi3.5-mini,temperature,857,3
phi3.5-mini,temperature,858,3
phi3.5-mini,temperature,859,3
phi3.5-mini,temperature,860,3
phi3.5-mini,temperature,861,3
phi3.5-mini,temperature,862,3
phi3.5-mini,temperature,863,3
phi3.5-mini,temperature,864,3
phi3.5-mini,temperature,865,3
phi3.5-mini,temperature,866,3
phi3.5-mini,temperature,867,3
phi3.5-mini,temperature,868,3
phi3.5-mini,temperature,869,3
phi3.5-mini,temperature,870,3
phi3.5-mini,temperature,871,3
phi3.5-mini,temperature,872,3
phi3.5-mini,temperature,873,3
phi3.5-mini,temperature,874,3
phi3.5-mini,temperature,875,3
phi3.5-mini,temperature,876,3
phi3.5-mini,temperature,877,3
phi3.5-mini,temperature,878,3
phi3.5-mini,temperature,879,3
phi3.5-mini,temperature,880,3
phi3.5-mini,temperature,881,3
phi3.5-mini,temperature,882,3
phi3.5-mini,temperature,883,3
phi3.5-mini,temperature,884,3
phi3.5-mini,temperature,885,3
phi3.5-mini,temperature,886,3
phi3.5-mini,temperature,887,3
phi3.5-mini,temperature,888,3
phi3.5-mini,temperature,889,3
phi3.5-mini,temperature,890,3
phi3.5-mini,temperature,891,3
phi3.5-mini,temperature,892,3
phi3.5-mini,temperature,893,3
phi3.5-mini,temperature,894,3
phi3.5-mini,temperature,895,3
phi3.5-mini,temperature,896,3
phi3.5-mini,temperature,897,3
phi3.5-mini,temperature,898,3
phi3.5-mini,temperature,899,3
phi3.5-mini,temperature,900,3
phi3.5-mini,temperature,901,3
phi3.5-mini,temperature,902,3
phi3.5-mini,temperature,903,3
phi3.5-mini,temperature,904,3
phi3.5-mini,temperature,905,3
phi3.5-mini,temperature,906,3
phi3.5-mini,temperature,907,3
phi3.5-mini,temperature,908,3
phi3.5-mini,temperature,909,3
phi3.5-mini,temperature,910,3
phi3.5-mini,temperature,911,3
phi3.5-mini,temperature,912,3
phi3.5-mini,temperature,913,3
phi3.5-mini,temperature,914,3
phi3.5-mini,temperature,915,3
phi3.5-mini,temperature,916,3
phi3.5-mini,temperature,917,3
phi3.5-mini,temperature,918,3
phi3.5-mini,temperature,919,3
phi3.5-mini,temperature,920,3
phi3.5-mini,temperature,921,3
phi3.5-mini,temperature,922,3
phi3.5-mini,temperature,923,3
phi3.5-mini,temperature,924,3
phi3.5-mini,temperature,925,3
phi3.5-mini,temperature,926,3
phi3.5-mini,temperature,927,3
phi3.5-mini,temperature,928,3
phi3.5-mini,temperature,929,3
phi3.5-mini,temperature,930,3
phi3.5-mini,temperature,931,3
phi3.5-mini,temperature,932,3
phi3.5-mini,temperature,933,3
phi3.5-mini,temperature,934,3
phi3.5-mini,temperature,935,3
phi3.5-mini,temperature,936,3
phi3.5-mini,temperature,937,3
phi3.5-mini,temperature,938,3
phi3.5-mini,temperature,939,3
phi3.5-mini,temperature,940,3
phi3.5-mini,temperature,941,3
phi3.5-mini,temperature,942,3
phi3.5-mini,temperature,943,3
phi3.5-mini,temperature,944,3
phi3.5-mini,temperature,945,3
phi3.5-mini,temperature,946,3
phi3.5-mini,temperature,947,3
phi3.5-mini,temperature,948,3
phi3.5-mini,temperature,949,3
phi3.5-mini,temperature,950,3
phi3.5-mini,temperature,951,3
phi3.5-mini,temperature,952,3
phi3.5-mini,temperature,953,3
phi3.5-mini,temperature,954,3
phi3.5-mini,temperature,955,3
phi3.5-mini,temperature,956,3
phi3.5-mini,temperature,957,3
phi3.5-mini,temperature,958,3
phi3.5-mini,temperature,959,3
phi3.5-mini,temperature,960,3
phi3.5-mini,temperature,961,3
phi3.5-mini,temperature,962,3
phi3.5-mini,temperature,963,3
phi3.5-mini,temperature,964,3
phi3.5-mini,temperature,965,3
phi3.5-mini,temperature,966,3
phi3.5-mini,temperature,967,3
phi3.5-mini,temperature,968,3
phi3.5-mini,temperature,969,3
phi3.5-mini,temperature,970,3
phi3.5-mini,temperature,971,3
phi3.5-mini,temperature,972,3
phi3.5-mini,temperature,973,3
phi3.5-mini,temperature,974,3
phi3.5-mini,temperature,975,3
phi3.5-mini,temperature,976,3
phi3.5-mini,temperature,977,3
phi3.5-mini,temperature,978,3
phi3.5-mini,temperature,979,3
phi3.5-mini,temperature,980,3
phi3.5-mini,temperature,981,3
phi3.5-mini,temperature,982,3
phi3.5-mini,temperature,983,3
phi3.5-mini,temperature,984,3
phi3.5-mini,temperature,985,3
phi3.5-mini,temperature,986,3
phi3.5-mini,temperature,987,3
phi3.5-mini,temperature,988,3
phi3.5-mini,temperature,989,3
phi3.5-mini,temperature,990,3
phi3.5-mini,temperature,991,3
phi3.5-mini,temperature,992,3
phi3.5-mini,temperature,993,3
phi3.5-mini,temperature,994,3
phi3.5-mini,temperature,995,3
phi3.5-mini,temperature,996,3
phi3.5-mini,temperature,997,3
phi3.5-mini,temperature,998,3
phi3.5-mini,stock_price,5,1
phi3.5-mini,stock_price,6,1
phi3.5-mini,stock_price,7,1
phi3.5-mini,stock_price,8,1
phi3.5-mini,stock_price,9,1
phi3.5-mini,stock_price,10,2
phi3.5-mini,stock_price,11,2
phi3.5-mini,stock_price,12,2
phi3.5-mini,stock_price,13,2
phi3.5-mini,stock_price,14,2
phi3.5-mini,stock_price,15,2
phi3.5-mini,stock_price,16,2
phi3.5-mini,stock_price,17,2
phi3.5-mini,stock_price,18,2
phi3.5-mini,stock_price,19,2
phi3.5-mini,stock_price,20,2
phi3.5-mini,stock_price,21,2
phi3.5-mini,stock_price,22,2
phi3.5-mini,stock_price,23,2
phi3.5-mini,stock_price,24,2
phi3.5-mini,stock_price,25,2
phi3.5-mini,stock_price,26,2
phi3.5-mini,stock_price,27,2
phi3.5-mini,stock_price,28,2
phi3.5-mini,stock_price,29,2
phi3.5-mini,stock_price,30,2
phi3.5-mini,stock_price,31,2
phi3.5-mini,stock_price,32,2
phi3.5-mini,stock_price,33,2
phi3.5-mini,stock_price,34,2
phi3.5-mini,stock_price,35,2
phi3.5-mini,stock_price,36,2
phi3.5-mini,stock_price,37,2
phi3.5-mini,stock_price,38,2
phi3.5-mini,stock_price,39,2
phi3.5-mini,stock_price,40,2
phi3.5-mini,stock_price,41,2
phi3.5-mini,stock_price,42,2
phi3.5-mini,stock_price,43,2
phi3.5-mini,stock_price,44,2
phi3.5-mini,stock_price,45,2
phi3.5-mini,stock_price,46,2
phi3.5-mini,stock_price,47,2
phi3.5-mini,stock_price,48,2
phi3.5-mini,stock_price,49,2
phi3.5-mini,stock_price,50,2
phi3.5-mini,stock_price,51,2
phi3.5-mini,stock_price,52,2
phi3.5-mini,stock_price,53,2
phi3.5-mini,stock_price,54,2
phi3.5-mini,stock_price,55,2
phi3.5-mini,stock_price,56,2
phi3.5-mini,stock_price,57,2
phi3.5-mini,stock_price,58,2
phi3.5-mini,stock_price,59,2
phi3.5-mini,stock_price,60,2
phi3.5-mini,stock_price,61,2
phi3.5-mini,stock_price,62,2
phi3.5-mini,stock_price,63,2
phi3.5-mini,stock_price,64,2
phi3.5-mini,stock_price,65,2
phi3.5-mini,stock_price,66,2
phi3.5-mini,stock_price,67,2
phi3.5-mini,stock_price,68,2
phi3.5-mini,stock_price,69,2
phi3.5-mini,stock_price,70,2
phi3.5-mini,stock_price,71,2
phi3.5-mini,stock_price,72,2
phi3.5-mini,stock_price,73,2
phi3.5-mini,stock_price,74,2
phi3.5-mini,stock_price,75,2
phi3.5-mini,stock_price,76,2
phi3.5-mini,stock_price,77,2
phi3.5-mini,stock_price,78,2
phi3.5-mini,stock_price,79,2
phi3.5-mini,stock_price,80,2
phi3.5-mini,stock_price,81,2
phi3.5-mini,stock_price,82,2
phi3.5-mini,stock_price,83,2
phi3.5-mini,stock_price,84,2
phi3.5-mini,stock_price,85,2
phi3.5-mini,stock_price,86,2
phi3.5-mini,stock_price,87,2
phi3.5-mini,stock_price,88,2
phi3.5-mini,stock_price,89,2
phi3.5-mini,stock_price,90,2
phi3.5-mini,stock_price,91,2
phi3.5-mini,stock_price,92,2
phi3.5-mini,stock_price,93,2
phi3.5-mini,stock_price,94,2
phi3.5-mini,stock_price,95,2
phi3.5-mini,stock_price,96,2
phi3.5-mini,stock_price,97,2
phi3.5-mini,stock_price,98,2
phi3.5-mini,stock_price,99,2
phi3.5-mini,stock_price,100,3
phi3.5-mini,stock_price,101,3
phi3.5-mini,stock_price,102,3
phi3.5-mini,stock_price,103,3
phi3.5-mini,stock_price,104,3
phi3.5-mini,stock_price,105,3
phi3.5-mini,stock_price,106,3
phi3.5-mini,stock_price,107,3
phi3.5-mini,stock_price,108,3
phi3.5-mini,stock_price,109,3
phi3.5-mini,stock_price,110,3
phi3.5-mini,stock_price,111,3
phi3.5-mini,stock_price,112,3
phi3.5-mini,stock_price,113,3
phi3.5-mini,stock_price,114,3
phi3.5-mini,stock_price,115,3
phi3.5-mini,stock_price,116,3
phi3.5-mini,stock_price,117,3
phi3.5-mini,stock_price,118,3
phi3.5-mini,stock_price,119,3
phi3.5-mini,stock_price,120,3
phi3.5-mini,stock_price,121,3
phi3.5-mini,stock_price,122,3
phi3.5-mini,stock_price,123,3
phi3.5-mini,stock_price,124,3
phi3.5-mini,stock_price,125,3
phi3.5-mini,stock_price,126,3
phi3.5-mini,stock_price,127,3
phi3.5-mini,stock_price,128,3
phi3.5-mini,stock_price,129,3
phi3.5-mini,stock_price,130,3
phi3.5-mini,stock_price,131,3
phi3.5-mini,stock_price,132,3
phi3.5-mini,stock_price,133,3
phi3.5-mini,stock_price,134,3
phi3.5-mini,stock_price,135,3
phi3.5-mini,stock_price,136,3
phi3.5-mini,stock_price,137,3
phi3.5-mini,stock_price,138,3
phi3.5-mini,stock_price,139,3
phi3.5-mini,stock_price,140,3
phi3.5-mini,stock_price,141,3
phi3.5-mini,stock_price,142,3
phi3.5-mini,stock_price,143,3
phi3.5-mini,stock_price,144,3
phi3.5-mini,stock_price,145,3
phi3.5-mini,stock_price,146,3
phi3.5-mini,stock_price,147,3
phi3.5-mini,stock_price,148,3
phi3.5-mini,stock_price,149,3
phi3.5-mini,stock_price,150,3
phi3.5-mini,stock_price,151,3
phi3.5-mini,stock_price,152,3
phi3.5-mini,stock_price,153,3
phi3.5-mini,stock_price,154,3
phi3.5-mini,stock_price,155,3
phi3.5-mini,stock_price,156,3
phi3.5-mini,stock_price,157,3
phi3.5-mini,stock_price,158,3
phi3.5-mini,stock_price,159,3
phi3.5-mini,stock_price,160,3
phi3.5-mini,stock_price,161,3
phi3.5-mini,stock_price,162,3
phi3.5-mini,stock_price,163,3
phi3.5-mini,stock_price,164,3
phi3.5-mini,stock_price,165,3
phi3.5-mini,stock_price,166,3
phi3.5-mini,stock_price,167,3
phi3.5-mini,stock_price,168,3
phi3.5-mini,stock_price,169,3
phi3.5-mini,stock_price,170,3
phi3.5-mini,stock_price,171,3
phi3.5-mini,stock_price,172,3
phi3.5-mini,stock_price,173,3
phi3.5-mini,stock_price,174,3
phi3.5-mini,stock_price,175,3
phi3.5-mini,stock_price,176,3
phi3.5-mini,stock_price,177,3
phi3.5-mini,stock_price,178,3
phi3.5-mini,stock_price,179,3
phi3.5-mini,stock_price,180,3
phi3.5-mini,stock_price,181,3
phi3.5-mini,stock_price,182,3
phi3.5-mini,stock_price,183,3
phi3.5-mini,stock_price,184,3
phi3.5-mini,stock_price,185,3
phi3.5-mini,stock_price,186,3
phi3.5-mini,stock_price,187,3
phi3.5-mini,stock_price,188,3
phi3.5-mini,stock_price,189,3
phi3.5-mini,stock_price,190,3
phi3.5-mini,stock_price,191,3
phi3.5-mini,stock_price,192,3
phi3.5-mini,stock_price,193,3
phi3.5-mini,stock_price,194,3
phi3.5-mini,stock_price,195,3
phi3.5-mini,stock_price,196,3
phi3.5-mini,stock_price,197,3
phi3.5-mini,stock_price,198,3
phi3.5-mini,stock_price,199,3
phi3.5-mini,stock_price,200,3
phi3.5-mini,stock_price,201,3
phi3.5-mini,stock_price,202,3
phi3.5-mini,stock_price,203,3
phi3.5-mini,stock_price,204,3
phi3.5-mini,stock_price,205,3
phi3.5-mini,stock_price,206,3
phi3.5-mini,stock_price,207,3
phi3.5-mini,stock_price,208,3
phi3.5-mini,stock_price,209,3
phi3.5-mini,stock_price,210,3
phi3.5-mini,stock_price,211,3
phi3.5-mini,stock_price,212,3
phi3.5-mini,stock_price,213,3
phi3.5-mini,stock_price,214,3
phi3.5-mini,stock_price,215,3
phi3.5-mini,stock_price,216,3
phi3.5-mini,stock_price,217,3
phi3.5-mini,stock_price,218,3
phi3.5-mini,stock_price,219,3
phi3.5-mini,stock_price,220,3
phi3.5-mini,stock_price,221,3
phi3.5-mini,stock_price,222,3
phi3.5-mini,stock_price,223,3
phi3.5-mini,stock_price,224,3
phi3.5-mini,stock_price,225,3
phi3.5-mini,stock_price,226,3
phi3.5-mini,stock_price,227,3
phi3.5-mini,stock_price,228,3
phi3.5-mini,stock_price,229,3
phi3.5-mini,stock_price,230,3
phi3.5-mini,stock_price,231,3
phi3.5-mini,stock_price,232,3
phi3.5-mini,stock_price,233,3
phi3.5-mini,stock_price,234,3
phi3.5-mini,stock_price,235,3
phi3.5-mini,stock_price,236,3
phi3.5-mini,stock_price,237,3
phi3.5-mini,stock_price,238,3
phi3.5-mini,stock_price,239,3
phi3.5-mini,stock_price,240,3
phi3.5-mini,stock_price,241,3
phi3.5-mini,stock_price,242,3
phi3.5-mini,stock_price,243,3
phi3.5-mini,stock_price,244,3
phi3.5-mini,stock_price,245,3
phi3.5-mini,stock_price,246,3
phi3.5-mini,stock_price,247,3
phi3.5-mini,stock_price,248,3
phi3.5-mini,stock_price,249,3
phi3.5-mini,stock_price,250,3
phi3.5-mini,stock_price,251,3
phi3.5-mini,stock_price,252,3
phi3.5-mini,stock_price,253,3
phi3.5-mini,stock_price,254,3
phi3.5-mini,stock_price,255,3
phi3.5-mini,stock_price,256,3
phi3.5-mini,stock_price,257,3
phi3.5-mini,stock_price,258,3
phi3.5-mini,stock_price,259,3
phi3.5-mini,stock_price,260,3
phi3.5-mini,stock_price,261,3
phi3.5-mini,stock_price,262,3
phi3.5-mini,stock_price,263,3
phi3.5-mini,stock_price,264,3
phi3.5-mini,stock_price,265,3
phi3.5-mini,stock_price,266,3
phi3.5-mini,stock_price,267,3
phi3.5-mini,stock_price,268,3
phi3.5-mini,stock_price,269,3
phi3.5-mini,stock_price,270,3
phi3.5-mini,stock_price,271,3
phi3.5-mini,stock_price,272,3
phi3.5-mini,stock_price,273,3
phi3.5-mini,stock_price,274,3
phi3.5-mini,stock_price,275,3
phi3.5-mini,stock_price,276,3
phi3.5-mini,stock_price,277,3
phi3.5-mini,stock_price,278,3
phi3.5-mini,stock_price,279,3
phi3.5-mini,stock_price,280,3
phi3.5-mini,stock_price,281,3
phi3.5-mini,stock_price,282,3
phi3.5-mini,stock_price,283,3
phi3.5-mini,stock_price,284,3
phi3.5-mini,stock_price,285,3
phi3.5-mini,stock_price,286,3
phi3.5-mini,stock_price,287,3
phi3.5-mini,stock_price,288,3
phi3.5-mini,stock_price,289,3
phi3.5-mini,stock_price,290,3
phi3.5-mini,stock_price,291,3
phi3.5-mini,stock_price,292,3
phi3.5-mini,stock_price,293,3
phi3.5-mini,stock_price,294,3
phi3.5-mini,stock_price,295,3
phi3.5-mini,stock_price,296,3
phi3.5-mini,stock_price,297,3
phi3.5-mini,stock_price,298,3
phi3.5-mini,stock_price,299,3
phi3.5-mini,stock_price,300,3
phi3.5-mini,stock_price,301,3
phi3.5-mini,stock_price,302,3
phi3.5-mini,stock_price,303,3
phi3.5-mini,stock_price,304,3
phi3.5-mini,stock_price,305,3
phi3.5-mini,stock_price,306,3
phi3.5-mini,stock_price,307,3
phi3.5-mini,stock_price,308,3
phi3.5-mini,stock_price,309,3
phi3.5-mini,stock_price,310,3
phi3.5-mini,stock_price,311,3
phi3.5-mini,stock_price,312,3
phi3.5-mini,stock_price,313,3
phi3.5-mini,stock_price,314,3
phi3.5-mini,stock_price,315,3
phi3.5-mini,stock_price,316,3
phi3.5-mini,stock_price,317,3
phi3.5-mini,stock_price,318,3
phi3.5-mini,stock_price,319,3
phi3.5-mini,stock_price,320,3
phi3.5-mini,stock_price,321,3
phi3.5-mini,stock_price,322,3
phi3.5-mini,stock_price,323,3
phi3.5-mini,stock_price,324,3
phi3.5-mini,stock_price,325,3
phi3.5-mini,stock_price,326,3
phi3.5-mini,stock_price,327,3
phi3.5-mini,stock_price,328,3
phi3.5-mini,stock_price,329,3
phi3.5-mini,stock_price,330,3
phi3.5-mini,stock_price,331,3
phi3.5-mini,stock_price,332,3
phi3.5-mini,stock_price,333,3
phi3.5-mini,stock_price,334,3
phi3.5-mini,stock_price,335,3
phi3.5-mini,stock_price,336,3
phi3.5-mini,stock_price,337,3
phi3.5-mini,stock_price,338,3
phi3.5-mini,stock_price,339,3
phi3.5-mini,stock_price,340,3
phi3.5-mini,stock_price,341,3
phi3.5-mini,stock_price,342,3
phi3.5-mini,stock_price,343,3
phi3.5-mini,stock_price,344,3
phi3.5-mini,stock_price,345,3
phi3.5-mini,stock_price,346,3
phi3.5-mini,stock_price,347,3
phi3.5-mini,stock_price,348,3
phi3.5-mini,stock_price,349,3
phi3.5-mini,stock_price,350,3
phi3.5-mini,stock_price,351,3
phi3.5-mini,stock_price,352,3
phi3.5-mini,stock_price,353,3
phi3.5-mini,stock_price,354,3
phi3.5-mini,stock_price,355,3
phi3.5-mini,stock_price,356,3
phi3.5-mini,stock_price,357,3
phi3.5-mini,stock_price,358,3
phi3.5-mini,stock_price,359,3
phi3.5-mini,stock_price,360,3
phi3.5-mini,stock_price,361,3
phi3.5-mini,stock_price,362,3
phi3.5-mini,stock_price,363,3
phi3.5-mini,stock_price,364,3
phi3.5-mini,stock_price,365,3
phi3.5-mini,stock_price,366,3
phi3.5-mini,stock_price,367,3
phi3.5-mini,stock_price,368,3
phi3.5-mini,stock_price,369,3
phi3.5-mini,stock_price,370,3
phi3.5-mini,stock_price,371,3
phi3.5-mini,stock_price,372,3
phi3.5-mini,stock_price,373,3
phi3.5-mini,stock_price,374,3
phi3.5-mini,stock_price,375,3
phi3.5-mini,stock_price,376,3
phi3.5-mini,stock_price,377,3
phi3.5-mini,stock_price,378,3
phi3.5-mini,stock_price,379,3
phi3.5-mini,stock_price,380,3
phi3.5-mini,stock_price,381,3
phi3.5-mini,stock_price,382,3
phi3.5-mini,stock_price,383,3
phi3.5-mini,stock_price,384,3
phi3.5-mini,stock_price,385,3
phi3.5-mini,stock_price,386,3
phi3.5-mini,stock_price,387,3
phi3.5-mini,stock_price,388,3
phi3.5-mini,stock_price,389,3
phi3.5-mini,stock_price,390,3
phi3.5-mini,stock_price,391,3
phi3.5-mini,stock_price,392,3
phi3.5-mini,stock_price,393,3
phi3.5-mini,stock_price,394,3
phi3.5-mini,stock_price,395,3
phi3.5-mini,stock_price,396,3
phi3.5-mini,stock_price,397,3
phi3.5-mini,stock_price,398,3
phi3.5-mini,stock_price,399,3
phi3.5-mini,stock_price,400,3
phi3.5-mini,stock_price,401,3
phi3.5-mini,stock_price,402,3
phi3.5-mini,stock_price,403,3
phi3.5-mini,stock_price,404,3
phi3.5-mini,stock_price,405,3
phi3.5-mini,stock_price,406,3
phi3.5-mini,stock_price,407,3
phi3.5-mini,stock_price,408,3
phi3.5-mini,stock_price,409,3
phi3.5-mini,stock_price,410,3
phi3.5-mini,stock_price,411,3
phi3.5-mini,stock_price,412,3
phi3.5-mini,stock_price,413,3
phi3.5-mini,stock_price,414,3
phi3.5-mini,stock_price,415,3
phi3.5-mini,stock_price,416,3
phi3.5-mini,stock_price,417,3
phi3.5-mini,stock_price,418,3
phi3.5-mini,stock_price,419,3
phi3.5-mini,stock_price,420,3
phi3.5-mini,stock_price,421,3
phi3.5-mini,stock_price,422,3
phi3.5-mini,stock_price,423,3
phi3.5-mini,stock_price,424,3
phi3.5-mini,stock_price,425,3
phi3.5-mini,stock_price,426,3
phi3.5-mini,stock_price,427,3
phi3.5-mini,stock_price,428,3
phi3.5-mini,stock_price,429,3
phi3.5-mini,stock_price,430,3
phi3.5-mini,stock_price,431,3
phi3.5-mini,stock_price,432,3
phi3.5-mini,stock_price,433,3
phi3.5-mini,stock_price,434,3
phi3.5-mini,stock_price,435,3
phi3.5-mini,stock_price,436,3
phi3.5-mini,stock_price,437,3
phi3.5-mini,stock_price,438,3
phi3.5-mini,stock_price,439,3
phi3.5-mini,stock_price,440,3
phi3.5-mini,stock_price,441,3
phi3.5-mini,stock_price,442,3
phi3.5-mini,stock_price,443,3
phi3.5-mini,stock_price,444,3
phi3.5-mini,stock_price,445,3
phi3.5-mini,stock_price,446,3
phi3.5-mini,stock_price,447,3
phi3.5-mini,stock_price,448,3
phi3.5-mini,stock_price,449,3
phi3.5-mini,stock_price,450,3
phi3.5-mini,stock_price,451,3
phi3.5-mini,stock_price,452,3
phi3.5-mini,stock_price,453,3
phi3.5-mini,stock_price,454,3
phi3.5-mini,stock_price,455,3
phi3.5-mini,stock_price,456,3
phi3.5-mini,stock_price,457,3
phi3.5-mini,stock_price,458,3
phi3.5-mini,stock_price,459,3
phi3.5-mini,stock_price,460,3
phi3.5-mini,stock_price,461,3
phi3.5-mini,stock_price,462,3
phi3.5-mini,stock_price,463,3
phi3.5-mini,stock_price,464,3
phi3.5-mini,stock_price,465,3
phi3.5-mini,stock_price,466,3
phi3.5-mini,stock_price,467,3
phi3.5-mini,stock_price,468,3
phi3.5-mini,stock_price,469,3
phi3.5-mini,stock_price,470,3
phi3.5-mini,stock_price,471,3
phi3.5-mini,stock_price,472,3
phi3.5-mini,stock_price,473,3
phi3.5-mini,stock_price,474,3
phi3.5-mini,stock_price,475,3
phi3.5-mini,stock_price,476,3
phi3.5-mini,stock_price,477,3
phi3.5-mini,stock_price,478,3
phi3.5-mini,stock_price,479,3
phi3.5-mini,stock_price,480,3
phi3.5-mini,stock_price,481,3
phi3.5-mini,stock_price,482,3
phi3.5-mini,stock_price,483,3
phi3.5-mini,stock_price,484,3
phi3.5-mini,stock_price,485,3
phi3.5-mini,stock_price,486,3
phi3.5-mini,stock_price,487,3
phi3.5-mini,stock_price,488,3
phi3.5-mini,stock_price,489,3
phi3.5-mini,stock_price,490,3
phi3.5-mini,stock_price,491,3
phi3.5-mini,stock_price,492,3
phi3.5-mini,stock_price,493,3
phi3.5-mini,stock_price,494,3
phi3.5-mini,stock_price,495,3
phi3.5-mini,stock_price,496,3
phi3.5-mini,stock_price,497,3
phi3.5-mini,stock_price,498,3
phi3.5-mini,stock_price,499,3
phi3.5-mini,stock_price,500,3
phi3.5-mini,stock_price,501,3
phi3.5-mini,stock_price,502,3
phi3.5-mini,stock_price,503,3
phi3.5-mini,stock_price,504,3
phi3.5-mini,stock_price,505,3
phi3.5-mini,stock_price,506,3
phi3.5-mini,stock_price,507,3
phi3.5-mini,stock_price,508,3
phi3.5-mini,stock_price,509,3
phi3.5-mini,stock_price,510,3
phi3.5-mini,stock_price,511,3
phi3.5-mini,stock_price,512,3
phi3.5-mini,stock_price,513,3
phi3.5-mini,stock_price,514,3
phi3.5-mini,stock_price,515,3
phi3.5-mini,stock_price,516,3
phi3.5-mini,stock_price,517,3
phi3.5-mini,stock_price,518,3
phi3.5-mini,stock_price,519,3
phi3.5-mini,stock_price,520,3
phi3.5-mini,stock_price,521,3
phi3.5-mini,stock_price,522,3
phi3.5-mini,stock_price,523,3
phi3.5-mini,stock_price,524,3
phi3.5-mini,stock_price,525,3
phi3.5-mini,stock_price,526,3
phi3.5-mini,stock_price,527,3
phi3.5-mini,stock_price,528,3
phi3.5-mini,stock_price,529,3
phi3.5-mini,stock_price,530,3
phi3.5-mini,stock_price,531,3
phi3.5-mini,stock_price,532,3
phi3.5-mini,stock_price,533,3
phi3.5-mini,stock_price,534,3
phi3.5-mini,stock_price,535,3
phi3.5-mini,stock_price,536,3
phi3.5-mini,stock_price,537,3
phi3.5-mini,stock_price,538,3
phi3.5-mini,stock_price,539,3
phi3.5-mini,stock_price,540,3
phi3.5-mini,stock_price,541,3
phi3.5-mini,stock_price,542,3
phi3.5-mini,stock_price,543,3
phi3.5-mini,stock_price,544,3
phi3.5-mini,stock_price,545,3
phi3.5-mini,stock_price,546,3
phi3.5-mini,stock_price,547,3
phi3.5-mini,stock_price,548,3
phi3.5-mini,stock_price,549,3
phi3.5-mini,stock_price,550,3
phi3.5-mini,stock_price,551,3
phi3.5-mini,stock_price,552,3
phi3.5-mini,stock_price,553,3
phi3.5-mini,stock_price,554,3
phi3.5-mini,stock_price,555,3
phi3.5-mini,stock_price,556,3
phi3.5-mini,stock_price,557,3
phi3.5-mini,stock_price,558,3
phi3.5-mini,stock_price,559,3
phi3.5-mini,stock_price,560,3
phi3.5-mini,stock_price,561,3
phi3.5-mini,stock_price,562,3
phi3.5-mini,stock_price,563,3
phi3.5-mini,stock_price,564,3
phi3.5-mini,stock_price,565,3
phi3.5-mini,stock_price,566,3
phi3.5-mini,stock_price,567,3
phi3.5-mini,stock_price,568,3
phi3.5-mini,stock_price,569,3
phi3.5-mini,stock_price,570,3
phi3.5-mini,stock_price,571,3
phi3.5-mini,stock_price,572,3
phi3.5-mini,stock_price,573,3
phi3.5-mini,stock_price,574,3
phi3.5-mini,stock_price,575,3
phi3.5-mini,stock_price,576,3
phi3.5-mini,stock_price,577,3
phi3.5-mini,stock_price,578,3
phi3.5-mini,stock_price,579,3
phi3.5-mini,stock_price,580,3
phi3.5-mini,stock_price,581,3
phi3.5-mini,stock_price,582,3
phi3.5-mini,stock_price,583,3
phi3.5-mini,stock_price,584,3
phi3.5-mini,stock_price,585,3
phi3.5-mini,stock_price,586,3
phi3.5-mini,stock_price,587,3
phi3.5-mini,stock_price,588,3
phi3.5-mini,stock_price,589,3
phi3.5-mini,stock_price,590,3
phi3.5-mini,stock_price,591,3
phi3.5-mini,stock_price,592,3
phi3.5-mini,stock_price,593,3
phi3.5-mini,stock_price,594,3
phi3.5-mini,stock_price,595,3
phi3.5-mini,stock_price,596,3
phi3.5-mini,stock_price,597,3
phi3.5-mini,stock_price,598,3
phi3.5-mini,stock_price,599,3
phi3.5-mini,stock_price,600,3
phi3.5-mini,stock_price,601,3
phi3.5-mini,stock_price,602,3
phi3.5-mini,stock_price,603,3
phi3.5-mini,stock_price,604,3
phi3.5-mini,stock_price,605,3
phi3.5-mini,stock_price,606,3
phi3.5-mini,stock_price,607,3
phi3.5-mini,stock_price,608,3
phi3.5-mini,stock_price,609,3
phi3.5-mini,stock_price,610,3
phi3.5-mini,stock_price,611,3
phi3.5-mini,stock_price,612,3
phi3.5-mini,stock_price,613,3
phi3.5-mini,stock_price,614,3
phi3.5-mini,stock_price,615,3
phi3.5-mini,stock_price,616,3
phi3.5-mini,stock_price,617,3
phi3.5-mini,stock_price,618,3
phi3.5-mini,stock_price,619,3
phi3.5-mini,stock_price,620,3
phi3.5-mini,stock_price,621,3
phi3.5-mini,stock_price,622,3
phi3.5-mini,stock_price,623,3
phi3.5-mini,stock_price,624,3
phi3.5-mini,stock_price,625,3
phi3.5-mini,stock_price,626,3
phi3.5-mini,stock_price,627,3
phi3.5-mini,stock_price,628,3
phi3.5-mini,stock_price,629,3
phi3.5-mini,stock_price,630,3
phi3.5-mini,stock_price,631,3
phi3.5-mini,stock_price,632,3
phi3.5-mini,stock_price,633,3
phi3.5-mini,stock_price,634,3
phi3.5-mini,stock_price,635,3
phi3.5-mini,stock_price,636,3
phi3.5-mini,stock_price,637,3
phi3.5-mini,stock_price,638,3
phi3.5-mini,stock_price,639,3
phi3.5-mini,stock_price,640,3
phi3.5-mini,stock_price,641,3
phi3.5-mini,stock_price,642,3
phi3.5-mini,stock_price,643,3
phi3.5-mini,stock_price,644,3
phi3.5-mini,stock_price,645,3
phi3.5-mini,stock_price,646,3
phi3.5-mini,stock_price,647,3
phi3.5-mini,stock_price,648,3
phi3.5-mini,stock_price,649,3
phi3.5-mini,stock_price,650,3
phi3.5-mini,stock_price,651,3
phi3.5-mini,stock_price,652,3
phi3.5-mini,stock_price,653,3
phi3.5-mini,stock_price,654,3
phi3.5-mini,stock_price,655,3
phi3.5-mini,stock_price,656,3
phi3.5-mini,stock_price,657,3
phi3.5-mini,stock_price,658,3
phi3.5-mini,stock_price,659,3
phi3.5-mini,stock_price,660,3
phi3.5-mini,stock_price,661,3
phi3.5-mini,stock_price,662,3
phi3.5-mini,stock_price,663,3
phi3.5-mini,stock_price,664,3
phi3.5-mini,stock_price,665,3
phi3.5-mini,stock_price,666,3
phi3.5-mini,stock_price,667,3
phi3.5-mini,stock_price,668,3
phi3.5-mini,stock_price,669,3
phi3.5-mini,stock_price,670,3
phi3.5-mini,stock_price,671,3
phi3.5-mini,stock_price,672,3
phi3.5-mini,stock_price,673,3
phi3.5-mini,stock_price,674,3
phi3.5-mini,stock_price,675,3
phi3.5-mini,stock_price,676,3
phi3.5-mini,stock_price,677,3
phi3.5-mini,stock_price,678,3
phi3.5-mini,stock_price,679,3
phi3.5-mini,stock_price,680,3
phi3.5-mini,stock_price,681,3
phi3.5-mini,stock_price,682,3
phi3.5-mini,stock_price,683,3
phi3.5-mini,stock_price,684,3
phi3.5-mini,stock_price,685,3
phi3.5-mini,stock_price,686,3
phi3.5-mini,stock_price,687,3
phi3.5-mini,stock_price,688,3
phi3.5-mini,stock_price,689,3
phi3.5-mini,stock_price,690,3
phi3.5-mini,stock_price,691,3
phi3.5-mini,stock_price,692,3
phi3.5-mini,stock_price,693,3
phi3.5-mini,stock_price,694,3
phi3.5-mini,stock_price,695,3
phi3.5-mini,stock_price,696,3
phi3.5-mini,stock_price,697,3
phi3.5-mini,stock_price,698,3
phi3.5-mini,stock_price,699,3
phi3.5-mini,stock_price,700,3
phi3.5-mini,stock_price,701,3
phi3.5-mini,stock_price,702,3
phi3.5-mini,stock_price,703,3
phi3.5-mini,stock_price,704,3
phi3.5-mini,stock_price,705,3
phi3.5-mini,stock_price,706,3
phi3.5-mini,stock_price,707,3
phi3.5-mini,stock_price,708,3
phi3.5-mini,stock_price,709,3
phi3.5-mini,stock_price,710,3
phi3.5-mini,stock_price,711,3
phi3.5-mini,stock_price,712,3
phi3.5-mini,stock_price,713,3
phi3.5-mini,stock_price,714,3
phi3.5-mini,stock_price,715,3
phi3.5-mini,stock_price,716,3
phi3.5-mini,stock_price,717,3
phi3.5-mini,stock_price,718,3
phi3.5-mini,stock_price,719,3
phi3.5-mini,stock_price,720,3
phi3.5-mini,stock_price,721,3
phi3.5-mini,stock_price,722,3
phi3.5-mini,stock_price,723,3
phi3.5-mini,stock_price,724,3
phi3.5-mini,stock_price,725,3
phi3.5-mini,stock_price,726,3
phi3.5-mini,stock_price,727,3
phi3.5-mini,stock_price,728,3
phi3.5-mini,stock_price,729,3
phi3.5-mini,stock_price,730,3
phi3.5-mini,stock_price,731,3
phi3.5-mini,stock_price,732,3
phi3.5-mini,stock_price,733,3
phi3.5-mini,stock_price,734,3
phi3.5-mini,stock_price,735,3
phi3.5-mini,stock_price,736,3
phi3.5-mini,stock_price,737,3
phi3.5-mini,stock_price,738,3
phi3.5-mini,stock_price,739,3
phi3.5-mini,stock_price,740,3
phi3.5-mini,stock_price,741,3
phi3.5-mini,stock_price,742,3
phi3.5-mini,stock_price,743,3
phi3.5-mini,stock_price,744,3
phi3.5-mini,stock_price,745,3
phi3.5-mini,stock_price,746,3
phi3.5-mini,stock_price,747,3
phi3.5-mini,stock_price,748,3
phi3.5-mini,stock_price,749,3
phi3.5-mini,stock_price,750,3
phi3.5-mini,stock_price,751,3
phi3.5-mini,stock_price,752,3
phi3.5-mini,stock_price,753,3
phi3.5-mini,stock_price,754,3
phi3.5-mini,stock_price,755,3
phi3.5-mini,stock_price,756,3
phi3.5-mini,stock_price,757,3
phi3.5-mini,stock_price,758,3
phi3.5-mini,stock_price,759,3
phi3.5-mini,stock_price,760,3
phi3.5-mini,stock_price,761,3
phi3.5-mini,stock_price,762,3
phi3.5-mini,stock_price,763,3
phi3.5-mini,stock_price,764,3
phi3.5-mini,stock_price,765,3
phi3.5-mini,stock_price,766,3
phi3.5-mini,stock_price,767,3
phi3.5-mini,stock_price,768,3
phi3.5-mini,stock_price,769,3
phi3.5-mini,stock_price,770,3
phi3.5-mini,stock_price,771,3
phi3.5-mini,stock_price,772,3
phi3.5-mini,stock_price,773,3
phi3.5-mini,stock_price,774,3
phi3.5-mini,stock_price,775,3
phi3.5-mini,stock_price,776,3
phi3.5-mini,stock_price,777,3
phi3.5-mini,stock_price,778,3
phi3.5-mini,stock_price,779,3
phi3.5-mini,stock_price,780,3
phi3.5-mini,stock_price,781,3
phi3.5-mini,stock_price,782,3
phi3.5-mini,stock_price,783,3
phi3.5-mini,stock_price,784,3
phi3.5-mini,stock_price,785,3
phi3.5-mini,stock_price,786,3
phi3.5-mini,stock_price,787,3
phi3.5-mini,stock_price,788,3
phi3.5-mini,stock_price,789,3
phi3.5-mini,stock_price,790,3
phi3.5-mini,stock_price,791,3
phi3.5-mini,stock_price,792,3
phi3.5-mini,stock_price,793,3
phi3.5-mini,stock_price,794,3
phi3.5-mini,stock_price,795,3
phi3.5-mini,stock_price,796,3
phi3.5-mini,stock_price,797,3
phi3.5-mini,stock_price,798,3
phi3.5-mini,stock_price,799,3
phi3.5-mini,stock_price,800,3
phi3.5-mini,stock_price,801,3
phi3.5-mini,stock_price,802,3
phi3.5-mini,stock_price,803,3
phi3.5-mini,stock_price,804,3
phi3.5-mini,stock_price,805,3
phi3.5-mini,stock_price,806,3
phi3.5-mini,stock_price,807,3
phi3.5-mini,stock_price,808,3
phi3.5-mini,stock_price,809,3
phi3.5-mini,stock_price,810,3
phi3.5-mini,stock_price,811,3
phi3.5-mini,stock_price,812,3
phi3.5-mini,stock_price,813,3
phi3.5-mini,stock_price,814,3
phi3.5-mini,stock_price,815,3
phi3.5-mini,stock_price,816,3
phi3.5-mini,stock_price,817,3
phi3.5-mini,stock_price,818,3
phi3.5-mini,stock_price,819,3
phi3.5-mini,stock_price,820,3
phi3.5-mini,stock_price,821,3
phi3.5-mini,stock_price,822,3
phi3.5-mini,stock_price,823,3
phi3.5-mini,stock_price,824,3
phi3.5-mini,stock_price,825,3
phi3.5-mini,stock_price,826,3
phi3.5-mini,stock_price,827,3
phi3.5-mini,stock_price,828,3
phi3.5-mini,stock_price,829,3
phi3.5-mini,stock_price,830,3
phi3.5-mini,stock_price,831,3
phi3.5-mini,stock_price,832,3
phi3.5-mini,stock_price,833,3
phi3.5-mini,stock_price,834,3
phi3.5-mini,stock_price,835,3
phi3.5-mini,stock_price,836,3
phi3.5-mini,stock_price,837,3
phi3.5-mini,stock_price,838,3
phi3.5-mini,stock_price,839,3
phi3.5-mini,stock_price,840,3
phi3.5-mini,stock_price,841,3
phi3.5-mini,stock_price,842,3
phi3.5-mini,stock_price,843,3
phi3.5-mini,stock_price,844,3
phi3.5-mini,stock_price,845,3
phi3.5-mini,stock_price,846,3
phi3.5-mini,stock_price,847,3
phi3.5-mini,stock_price,848,3
phi3.5-mini,stock_price,849,3
phi3.5-mini,stock_price,850,3
phi3.5-mini,stock_price,851,3
phi3.5-mini,stock_price,852,3
phi3.5-mini,stock_price,853,3
phi3.5-mini,stock_price,854,3
phi3.5-mini,stock_price,855,3
phi3.5-mini,stock_price,856,3
phi3.5-mini,stock_price,857,3
phi3.5-mini,stock_price,858,3
phi3.5-mini,stock_price,859,3
phi3.5-mini,stock_price,860,3
phi3.5-mini,stock_price,861,3
phi3.5-mini,stock_price,862,3
phi3.5-mini,stock_price,863,3
phi3.5-mini,stock_price,864,3
phi3.5-mini,stock_price,865,3
phi3.5-mini,stock_price,866,3
phi3.5-mini,stock_price,867,3
phi3.5-mini,stock_price,868,3
phi3.5-mini,stock_price,869,3
phi3.5-mini,stock_price,870,3
phi3.5-mini,stock_price,871,3
phi3.5-mini,stock_price,872,3
phi3.5-mini,stock_price,873,3
phi3.5-mini,stock_price,874,3
phi3.5-mini,stock_price,875,3
phi3.5-mini,stock_price,876,3
phi3.5-mini,stock_price,877,3
phi3.5-mini,stock_price,878,3
phi3.5-mini,stock_price,879,3
phi3.5-mini,stock_price,880,3
phi3.5-mini,stock_price,881,3
phi3.5-mini,stock_price,882,3
phi3.5-mini,stock_price,883,3
phi3.5-mini,stock_price,884,3
phi3.5-mini,stock_price,885,3
phi3.5-mini,stock_price,886,3
phi3.5-mini,stock_price,887,3
phi3.5-mini,stock_price,888,3
phi3.5-mini,stock_price,889,3
phi3.5-mini,stock_price,890,3
phi3.5-mini,stock_price,891,3
phi3.5-mini,stock_price,892,3
phi3.5-mini,stock_price,893,3
phi3.5-mini,stock_price,894,3
phi3.5-mini,stock_price,895,3
phi3.5-mini,stock_price,896,3
phi3.5-mini,stock_price,897,3
phi3.5-mini,stock_price,898,3
phi3.5-mini,stock_price,899,3
phi3.5-mini,stock_price,900,3
phi3.5-mini,stock_price,901,3
phi3.5-mini,stock_price,902,3
phi3.5-mini,stock_price,903,3
phi3.5-mini,stock_price,904,3
phi3.5-mini,stock_price,905,3
phi3.5-mini,stock_price,906,3
phi3.5-mini,stock_price,907,3
phi3.5-mini,stock_price,908,3
phi3.5-mini,stock_price,909,3
phi3.5-mini,stock_price,910,3
phi3.5-mini,stock_price,911,3
phi3.5-mini,stock_price,912,3
phi3.5-mini,stock_price,913,3
phi3.5-mini,stock_price,914,3
phi3.5-mini,stock_price,915,3
phi3.5-mini,stock_price,916,3
phi3.5-mini,stock_price,917,3
phi3.5-mini,stock_price,918,3
phi3.5-mini,stock_price,919,3
phi3.5-mini,stock_price,920,3
phi3.5-mini,stock_price,921,3
phi3.5-mini,stock_price,922,3
phi3.5-mini,stock_price,923,3
phi3.5-mini,stock_price,924,3
phi3.5-mini,stock_price,925,3
phi3.5-mini,stock_price,926,3
phi3.5-mini,stock_price,927,3
phi3.5-mini,stock_price,928,3
phi3.5-mini,stock_price,929,3
phi3.5-mini,stock_price,930,3
phi3.5-mini,stock_price,931,3
phi3.5-mini,stock_price,932,3
phi3.5-mini,stock_price,933,3
phi3.5-mini,stock_price,934,3
phi3.5-mini,stock_price,935,3
phi3.5-mini,stock_price,936,3
phi3.5-mini,stock_price,937,3
phi3.5-mini,stock_price,938,3
phi3.5-mini,stock_price,939,3
phi3.5-mini,stock_price,940,3
phi3.5-mini,stock_price,941,3
phi3.5-mini,stock_price,942,3
phi3.5-mini,stock_price,943,3
phi3.5-mini,stock_price,944,3
phi3.5-mini,stock_price,945,3
phi3.5-mini,stock_price,946,3
phi3.5-mini,stock_price,947,3
phi3.5-mini,stock_price,948,3
phi3.5-mini,stock_price,949,3
phi3.5-mini,stock_price,950,3
phi3.5-mini,stock_price,951,3
phi3.5-mini,stock_price,952,3
phi3.5-mini,stock_price,953,3
phi3.5-mini,stock_price,954,3
phi3.5-mini,stock_price,955,3
phi3.5-mini,stock_price,956,3
phi3.5-mini,stock_price,957,3
phi3.5-mini,stock_price,958,3
phi3.5-mini,stock_price,959,3
phi3.5-mini,stock_price,960,3
phi3.5-mini,stock_price,961,3
phi3.5-mini,stock_price,962,3
phi3.5-mini,stock_price,963,3
phi3.5-mini,stock_price,964,3
phi3.5-mini,stock_price,965,3
phi3.5-mini,stock_price,966,3
phi3.5-mini,stock_price,967,3
phi3.5-mini,stock_price,968,3
phi3.5-mini,stock_price,969,3
phi3.5-mini,stock_price,970,3
phi3.5-mini,stock_price,971,3
phi3.5-mini,stock_price,972,3
phi3.5-mini,stock_price,973,3
phi3.5-mini,stock_price,974,3
phi3.5-mini,stock_price,975,3
phi3.5-mini,stock_price,976,3
phi3.5-mini,stock_price,977,3
phi3.5-mini,stock_price,978,3
phi3.5-mini,stock_price,979,3
phi3.5-mini,stock_price,980,3
phi3.5-mini,stock_price,981,3
phi3.5-mini,stock_price,982,3
phi3.5-mini,stock_price,983,3
phi3.5-mini,stock_price,984,3
phi3.5-mini,stock_price,985,3
phi3.5-mini,stock_price,986,3
phi3.5-mini,stock_price,987,3
phi3.5-mini,stock_price,988,3
phi3.5-mini,stock_price,989,3
phi3.5-mini,stock_price,990,3
phi3.5-mini,stock_price,991,3
phi3.5-mini,stock_price,992,3
phi3.5-mini,stock_price,993,3
phi3.5-mini,stock_price,994,3
phi3.5-mini,stock_price,995,3
phi3.5-mini,stock_price,996,3
phi3.5-mini,stock_price,997,3
phi3.5-mini,stock_price,998,3
phi3.5-mini,page_count,3,1
phi3.5-mini,page_count,4,1
phi3.5-mini,page_count,5,1
phi3.5-mini,page_count,6,1
phi3.5-mini,page_count,7,1
phi3.5-mini,page_count,8,1
phi3.5-mini,page_count,9,1
phi3.5-mini,page_count,10,2
phi3.5-mini,page_count,11,2
phi3.5-mini,page_count,12,2
phi3.5-mini,page_count,13,2
phi3.5-mini,page_count,14,2
phi3.5-mini,page_count,15,2
phi3.5-mini,page_count,16,2
phi3.5-mini,page_count,17,2
phi3.5-mini,page_count,18,2
phi3.5-mini,page_count,19,2
phi3.5-mini,page_count,20,2
phi3.5-mini,page_count,21,2
phi3.5-mini,page_count,22,2
phi3.5-mini,page_count,23,2
phi3.5-mini,page_count,24,2
phi3.5-mini,page_count,25,2
phi3.5-mini,page_count,26,2
phi3.5-mini,page_count,27,2
phi3.5-mini,page_count,28,2
phi3.5-mini,page_count,29,2
phi3.5-mini,page_count,30,2
phi3.5-mini,page_count,31,2
phi3.5-mini,page_count,32,2
phi3.5-mini,page_count,33,2
phi3.5-mini,page_count,34,2
phi3.5-mini,page_count,35,2
phi3.5-mini,page_count,36,2
phi3.5-mini,page_count,37,2
phi3.5-mini,page_count,38,2
phi3.5-mini,page_count,39,2
phi3.5-mini,page_count,40,2
phi3.5-mini,page_count,41,2
phi3.5-mini,page_count,42,2
phi3.5-mini,page_count,43,2
phi3.5-mini,page_count,44,2
phi3.5-mini,page_count,45,2
phi3.5-mini,page_count,46,2
phi3.5-mini,page_count,47,2
phi3.5-mini,page_count,48,2
phi3.5-mini,page_count,49,2
phi3.5-mini,page_count,50,2
phi3.5-mini,page_count,51,2
phi3.5-mini,page_count,52,2
phi3.5-mini,page_count,53,2
phi3.5-mini,page_count,54,2
phi3.5-mini,page_count,55,2
phi3.5-mini,page_count,56,2
phi3.5-mini,page_count,57,2
phi3.5-mini,page_count,58,2
phi3.5-mini,page_count,59,2
phi3.5-mini,page_count,60,2
phi3.5-mini,page_count,61,2
phi3.5-mini,page_count,62,2
phi3.5-mini,page_count,63,2
phi3.5-mini,page_count,64,2
phi3.5-mini,page_count,65,2
phi3.5-mini,page_count,66,2
phi3.5-mini,page_count,67,2
phi3.5-mini,page_count,68,2
phi3.5-mini,page_count,69,2
phi3.5-mini,page_count,70,2
phi3.5-mini,page_count,71,2
phi3.5-mini,page_count,72,2
phi3.5-mini,page_count,73,2
phi3.5-mini,page_count,74,2
phi3.5-mini,page_count,75,2
phi3.5-mini,page_count,76,2
phi3.5-mini,page_count,77,2
phi3.5-mini,page_count,78,2
phi3.5-mini,page_count,79,2
phi3.5-mini,page_count,80,2
phi3.5-mini,page_count,81,2
phi3.5-mini,page_count,82,2
phi3.5-mini,page_count,83,2
phi3.5-mini,page_count,84,2
phi3.5-mini,page_count,85,2
phi3.5-mini,page_count,86,2
phi3.5-mini,page_count,87,2
phi3.5-mini,page_count,88,2
phi3.5-mini,page_count,89,2
phi3.5-mini,page_count,90,2
phi3.5-mini,page_count,91,2
phi3.5-mini,page_count,92,2
phi3.5-mini,page_count,93,2
phi3.5-mini,page_count,94,2
phi3.5-mini,page_count,95,2
phi3.5-mini,page_count,96,2
phi3.5-mini,page_count,97,2
phi3.5-mini,page_count,98,2
phi3.5-mini,page_count,99,2
phi3.5-mini,page_count,100,3
phi3.5-mini,page_count,101,3
phi3.5-mini,page_count,102,3
phi3.5-mini,page_count,103,3
phi3.5-mini,page_count,104,3
phi3.5-mini,page_count,105,3
phi3.5-mini,page_count,106,3
phi3.5-mini,page_count,107,3
phi3.5-mini,page_count,108,3
phi3.5-mini,page_count,109,3
phi3.5-mini,page_count,110,3
phi3.5-mini,page_count,111,3
phi3.5-mini,page_count,112,3
phi3.5-mini,page_count,113,3
phi3.5-mini,page_count,114,3
phi3.5-mini,page_count,115,3
phi3.5-mini,page_count,116,3
phi3.5-mini,page_count,117,3
phi3.5-mini,page_count,118,3
phi3.5-mini,page_count,119,3
phi3.5-mini,page_count,120,3
phi3.5-mini,page_count,121,3
phi3.5-mini,page_count,122,3
phi3.5-mini,page_count,123,3
phi3.5-mini,page_count,124,3
phi3.5-mini,page_count,125,3
phi3.5-mini,page_count,126,3
phi3.5-mini,page_count,127,3
phi3.5-mini,page_count,128,3
phi3.5-mini,page_count,129,3
phi3.5-mini,page_count,130,3
phi3.5-mini,page_count,131,3
phi3.5-mini,page_count,132,3
phi3.5-mini,page_count,133,3
phi3.5-mini,page_count,134,3
phi3.5-mini,page_count,135,3
phi3.5-mini,page_count,136,3
phi3.5-mini,page_count,137,3
phi3.5-mini,page_count,138,3
phi3.5-mini,page_count,139,3
phi3.5-mini,page_count,140,3
phi3.5-mini,page_count,141,3
phi3.5-mini,page_count,142,3
phi3.5-mini,page_count,143,3
phi3.5-mini,page_count,144,3
phi3.5-mini,page_count,145,3
phi3.5-mini,page_count,146,3
phi3.5-mini,page_count,147,3
phi3.5-mini,page_count,148,3
phi3.5-mini,page_count,149,3
phi3.5-mini,page_count,150,3
phi3.5-mini,page_count,151,3
phi3.5-mini,page_count,152,3
phi3.5-mini,page_count,153,3
phi3.5-mini,page_count,154,3
phi3.5-mini,page_count,155,3
phi3.5-mini,page_count,156,3
phi3.5-mini,page_count,157,3
phi3.5-mini,page_count,158,3
phi3.5-mini,page_count,159,3
phi3.5-mini,page_count,160,3
phi3.5-mini,page_count,161,3
phi3.5-mini,page_count,162,3
phi3.5-mini,page_count,163,3
phi3.5-mini,page_count,164,3
phi3.5-mini,page_count,165,3
phi3.5-mini,page_count,166,3
phi3.5-mini,page_count,167,3
phi3.5-mini,page_count,168,3
phi3.5-mini,page_count,169,3
phi3.5-mini,page_count,170,3
phi3.5-mini,page_count,171,3
phi3.5-mini,page_count,172,3
phi3.5-mini,page_count,173,3
phi3.5-mini,page_count,174,3
phi3.5-mini,page_count,175,3
phi3.5-mini,page_count,176,3
phi3.5-mini,page_count,177,3
phi3.5-mini,page_count,178,3
phi3.5-mini,page_count,179,3
phi3.5-mini,page_count,180,3
phi3.5-mini,page_count,181,3
phi3.5-mini,page_count,182,3
phi3.5-mini,page_count,183,3
phi3.5-mini,page_count,184,3
phi3.5-mini,page_count,185,3
phi3.5-mini,page_count,186,3
phi3.5-mini,page_count,187,3
phi3.5-mini,page_count,188,3
phi3.5-mini,page_count,189,3
phi3.5-mini,page_count,190,3
phi3.5-mini,page_count,191,3
phi3.5-mini,page_count,192,3
phi3.5-mini,page_count,193,3
phi3.5-mini,page_count,194,3
phi3.5-mini,page_count,195,3
phi3.5-mini,page_count,196,3
phi3.5-mini,page_count,197,3
phi3.5-mini,page_count,198,3
phi3.5-mini,page_count,199,3
phi3.5-mini,page_count,200,3
phi3.5-mini,page_count,201,3
phi3.5-mini,page_count,202,3
phi3.5-mini,page_count,203,3
phi3.5-mini,page_count,204,3
phi3.5-mini,page_count,205,3
phi3.5-mini,page_count,206,3
phi3.5-mini,page_count,207,3
phi3.5-mini,page_count,208,3
phi3.5-mini,page_count,209,3
phi3.5-mini,page_count,210,3
phi3.5-mini,page_count,211,3
phi3.5-mini,page_count,212,3
phi3.5-mini,page_count,213,3
phi3.5-mini,page_count,214,3
phi3.5-mini,page_count,215,3
phi3.5-mini,page_count,216,3
phi3.5-mini,page_count,217,3
phi3.5-mini,page_count,218,3
phi3.5-mini,page_count,219,3
phi3.5-mini,page_count,220,3
phi3.5-mini,page_count,221,3
phi3.5-mini,page_count,222,3
phi3.5-mini,page_count,223,3
phi3.5-mini,page_count,224,3
phi3.5-mini,page_count,225,3
phi3.5-mini,page_count,226,3
phi3.5-mini,page_count,227,3
phi3.5-mini,page_count,228,3
phi3.5-mini,page_count,229,3
phi3.5-mini,page_count,230,3
phi3.5-mini,page_count,231,3
phi3.5-mini,page_count,232,3
phi3.5-mini,page_count,233,3
phi3.5-mini,page_count,234,3
phi3.5-mini,page_count,235,3
phi3.5-mini,page_count,236,3
phi3.5-mini,page_count,237,3
phi3.5-mini,page_count,238,3
phi3.5-mini,page_count,239,3
phi3.5-mini,page_count,240,3
phi3.5-mini,page_count,241,3
phi3.5-mini,page_count,242,3
phi3.5-mini,page_count,243,3
phi3.5-mini,page_count,244,3
phi3.5-mini,page_count,245,3
phi3.5-mini,page_count,246,3
phi3.5-mini,page_count,247,3
phi3.5-mini,page_count,248,3
phi3.5-mini,page_count,249,3
phi3.5-mini,page_count,250,3
phi3.5-mini,page_count,251,3
phi3.5-mini,page_count,252,3
phi3.5-mini,page_count,253,3
phi3.5-mini,page_count,254,3
phi3.5-mini,page_count,255,3
phi3.5-mini,page_count,256,3
phi3.5-mini,page_count,257,3
phi3.5-mini,page_count,258,3
phi3.5-mini,page_count,259,3
phi3.5-mini,page_count,260,3
phi3.5-mini,page_count,261,3
phi3.5-mini,page_count,262,3
phi3.5-mini,page_count,263,3
phi3.5-mini,page_count,264,3
phi3.5-mini,page_count,265,3
phi3.5-mini,page_count,266,3
phi3.5-mini,page_count,267,3
phi3.5-mini,page_count,268,3
phi3.5-mini,page_count,269,3
phi3.5-mini,page_count,270,3
phi3.5-mini,page_count,271,3
phi3.5-mini,page_count,272,3
phi3.5-mini,page_count,273,3
phi3.5-mini,page_count,274,3
phi3.5-mini,page_count,275,3
phi3.5-mini,page_count,276,3
phi3.5-mini,page_count,277,3
phi3.5-mini,page_count,278,3
phi3.5-mini,page_count,279,3
phi3.5-mini,page_count,280,3
phi3.5-mini,page_count,281,3
phi3.5-mini,page_count,282,3
phi3.5-mini,page_count,283,3
phi3.5-mini,page_count,284,3
phi3.5-mini,page_count,285,3
phi3.5-mini,page_count,286,3
phi3.5-mini,page_count,287,3
phi3.5-mini,page_count,288,3
phi3.5-mini,page_count,289,3
phi3.5-mini,page_count,290,3
phi3.5-mini,page_count,291,3
phi3.5-mini,page_count,292,3
phi3.5-mini,page_count,293,3
phi3.5-mini,page_count,294,3
phi3.5-mini,page_count,295,3
phi3.5-mini,page_count,296,3
phi3.5-mini,page_count,297,3
phi3.5-mini,page_count,298,3
phi3.5-mini,page_count,299,3
phi3.5-mini,page_count,300,3
phi3.5-mini,page_count,301,3
phi3.5-mini,page_count,302,3
phi3.5-mini,page_count,303,3
phi3.5-mini,page_count,304,3
phi3.5-mini,page_count,305,3
phi3.5-mini,page_count,306,3
phi3.5-mini,page_count,307,3
phi3.5-mini,page_count,308,3
phi3.5-mini,page_count,309,3
phi3.5-mini,page_count,310,3
phi3.5-mini,page_count,311,3
phi3.5-mini,page_count,312,3
phi3.5-mini,page_count,313,3
phi3.5-mini,page_count,314,3
phi3.5-mini,page_count,315,3
phi3.5-mini,page_count,316,3
phi3.5-mini,page_count,317,3
phi3.5-mini,page_count,318,3
phi3.5-mini,page_count,319,3
phi3.5-mini,page_count,320,3
phi3.5-mini,page_count,321,3
phi3.5-mini,page_count,322,3
phi3.5-mini,page_count,323,3
phi3.5-mini,page_count,324,3
phi3.5-mini,page_count,325,3
phi3.5-mini,page_count,326,3
phi3.5-mini,page_count,327,3
phi3.5-mini,page_count,328,3
phi3.5-mini,page_count,329,3
phi3.5-mini,page_count,330,3
phi3.5-mini,page_count,331,3
phi3.5-mini,page_count,332,3
phi3.5-mini,page_count,333,3
phi3.5-mini,page_count,334,3
phi3.5-mini,page_count,335,3
phi3.5-mini,page_count,336,3
phi3.5-mini,page_count,337,3
phi3.5-mini,page_count,338,3
phi3.5-mini,page_count,339,3
phi3.5-mini,page_count,340,3
phi3.5-mini,page_count,341,3
phi3.5-mini,page_count,342,3
phi3.5-mini,page_count,343,3
phi3.5-mini,page_count,344,3
phi3.5-mini,page_count,345,3
phi3.5-mini,page_count,346,3
phi3.5-mini,page_count,347,3
phi3.5-mini,page_count,348,3
phi3.5-mini,page_count,349,3
phi3.5-mini,page_count,350,3
phi3.5-mini,page_count,351,3
phi3.5-mini,page_count,352,3
phi3.5-mini,page_count,353,3
phi3.5-mini,page_count,354,3
phi3.5-mini,page_count,355,3
phi3.5-mini,page_count,356,3
phi3.5-mini,page_count,357,3
phi3.5-mini,page_count,358,3
phi3.5-mini,page_count,359,3
phi3.5-mini,page_count,360,3
phi3.5-mini,page_count,361,3
phi3.5-mini,page_count,362,3
phi3.5-mini,page_count,363,3
phi3.5-mini,page_count,364,3
phi3.5-mini,page_count,365,3
phi3.5-mini,page_count,366,3
phi3.5-mini,page_count,367,3
phi3.5-mini,page_count,368,3
phi3.5-mini,page_count,369,3
phi3.5-mini,page_count,370,3
phi3.5-mini,page_count,371,3
phi3.5-mini,page_count,372,3
phi3.5-mini,page_count,373,3
phi3.5-mini,page_count,374,3
phi3.5-mini,page_count,375,3
phi3.5-mini,page_count,376,3
phi3.5-mini,page_count,377,3
phi3.5-mini,page_count,378,3
phi3.5-mini,page_count,379,3
phi3.5-mini,page_count,380,3
phi3.5-mini,page_count,381,3
phi3.5-mini,page_count,382,3
phi3.5-mini,page_count,383,3
phi3.5-mini,page_count,384,3
phi3.5-mini,page_count,385,3
phi3.5-mini,page_count,386,3
phi3.5-mini,page_count,387,3
phi3.5-mini,page_count,388,3
phi3.5-mini,page_count,389,3
phi3.5-mini,page_count,390,3
phi3.5-mini,page_count,391,3
phi3.5-mini,page_count,392,3
phi3.5-mini,page_count,393,3
phi3.5-mini,page_count,394,3
phi3.5-mini,page_count,395,3
phi3.5-mini,page_count,396,3
phi3.5-mini,page_count,397,3
phi3.5-mini,page_count,398,3
phi3.5-mini,page_count,399,3
phi3.5-mini,page_count,400,3
phi3.5-mini,page_count,401,3
phi3.5-mini,page_count,402,3
phi3.5-mini,page_count,403,3
phi3.5-mini,page_count,404,3
phi3.5-mini,page_count,405,3
phi3.5-mini,page_count,406,3
phi3.5-mini,page_count,407,3
phi3.5-mini,page_count,408,3
phi3.5-mini,page_count,409,3
phi3.5-mini,page_count,410,3
phi3.5-mini,page_count,411,3
phi3.5-mini,page_count,412,3
phi3.5-mini,page_count,413,3
phi3.5-mini,page_count,414,3
phi3.5-mini,page_count,415,3
phi3.5-mini,page_count,416,3
phi3.5-mini,page_count,417,3
phi3.5-mini,page_count,418,3
phi3.5-mini,page_count,419,3
phi3.5-mini,page_count,420,3
phi3.5-mini,page_count,421,3
phi3.5-mini,page_count,422,3
phi3.5-mini,page_count,423,3
phi3.5-mini,page_count,424,3
phi3.5-mini,page_count,425,3
phi3.5-mini,page_count,426,3
phi3.5-mini,page_count,427,3
phi3.5-mini,page_count,428,3
phi3.5-mini,page_count,429,3
phi3.5-mini,page_count,430,3
phi3.5-mini,page_count,431,3
phi3.5-mini,page_count,432,3
phi3.5-mini,page_count,433,3
phi3.5-mini,page_count,434,3
phi3.5-mini,page_count,435,3
phi3.5-mini,page_count,436,3
phi3.5-mini,page_count,437,3
phi3.5-mini,page_count,438,3
phi3.5-mini,page_count,439,3
phi3.5-mini,page_count,440,3
phi3.5-mini,page_count,441,3
phi3.5-mini,page_count,442,3
phi3.5-mini,page_count,443,3
phi3.5-mini,page_count,444,3
phi3.5-mini,page_count,445,3
phi3.5-mini,page_count,446,3
phi3.5-mini,page_count,447,3
phi3.5-mini,page_count,448,3
phi3.5-mini,page_count,449,3
phi3.5-mini,page_count,450,3
phi3.5-mini,page_count,451,3
phi3.5-mini,page_count,452,3
phi3.5-mini,page_count,453,3
phi3.5-mini,page_count,454,3
phi3.5-mini,page_count,455,3
phi3.5-mini,page_count,456,3
phi3.5-mini,page_count,457,3
phi3.5-mini,page_count,458,3
phi3.5-mini,page_count,459,3
phi3.5-mini,page_count,460,3
phi3.5-mini,page_count,461,3
phi3.5-mini,page_count,462,3
phi3.5-mini,page_count,463,3
phi3.5-mini,page_count,464,3
phi3.5-mini,page_count,465,3
phi3.5-mini,page_count,466,3
phi3.5-mini,page_count,467,3
phi3.5-mini,page_count,468,3
phi3.5-mini,page_count,469,3
phi3.5-mini,page_count,470,3
phi3.5-mini,page_count,471,3
phi3.5-mini,page_count,472,3
phi3.5-mini,page_count,473,3
phi3.5-mini,page_count,474,3
phi3.5-mini,page_count,475,3
phi3.5-mini,page_count,476,3
phi3.5-mini,page_count,477,3
phi3.5-mini,page_count,478,3
phi3.5-mini,page_count,479,3
phi3.5-mini,page_count,480,3
phi3.5-mini,page_count,481,3
phi3.5-mini,page_count,482,3
phi3.5-mini,page_count,483,3
phi3.5-mini,page_count,484,3
phi3.5-mini,page_count,485,3
phi3.5-mini,page_count,486,3
phi3.5-mini,page_count,487,3
phi3.5-mini,page_count,488,3
phi3.5-mini,page_count,489,3
phi3.5-mini,page_count,490,3
phi3.5-mini,page_count,491,3
phi3.5-mini,page_count,492,3
phi3.5-mini,page_count,493,3
phi3.5-mini,page_count,494,3
phi3.5-mini,page_count,495,3
phi3.5-mini,page_count,496,3
phi3.5-mini,page_count,497,3
phi3.5-mini,page_count,498,3
phi3.5-mini,page_count,499,3
phi3.5-mini,page_count,500,3
phi3.5-mini,page_count,501,3
phi3.5-mini,page_count,502,3
phi3.5-mini,page_count,503,3
phi3.5-mini,page_count,504,3
phi3.5-mini,page_count,505,3
phi3.5-mini,page_count,506,3
phi3.5-mini,page_count,507,3
phi3.5-mini,page_count,508,3
phi3.5-mini,page_count,509,3
phi3.5-mini,page_count,510,3
phi3.5-mini,page_count,511,3
phi3.5-mini,page_count,512,3
phi3.5-mini,page_count,513,3
phi3.5-mini,page_count,514,3
phi3.5-mini,page_count,515,3
phi3.5-mini,page_count,516,3
phi3.5-mini,page_count,517,3
phi3.5-mini,page_count,518,3
phi3.5-mini,page_count,519,3
phi3.5-mini,page_count,520,3
phi3.5-mini,page_count,521,3
phi3.5-mini,page_count,522,3
phi3.5-mini,page_count,523,3
phi3.5-mini,page_count,524,3
phi3.5-mini,page_count,525,3
phi3.5-mini,page_count,526,3
phi3.5-mini,page_count,527,3
phi3.5-mini,page_count,528,3
phi3.5-mini,page_count,529,3
phi3.5-mini,page_count,530,3
phi3.5-mini,page_count,531,3
phi3.5-mini,page_count,532,3
phi3.5-mini,page_count,533,3
phi3.5-mini,page_count,534,3
phi3.5-mini,page_count,535,3
phi3.5-mini,page_count,536,3
phi3.5-mini,page_count,537,3
phi3.5-mini,page_count,538,3
phi3.5-mini,page_count,539,3
phi3.5-mini,page_count,540,3
phi3.5-mini,page_count,541,3
phi3.5-mini,page_count,542,3
phi3.5-mini,page_count,543,3
phi3.5-mini,page_count,544,3
phi3.5-mini,page_count,545,3
phi3.5-mini,page_count,546,3
phi3.5-mini,page_count,547,3
phi3.5-mini,page_count,548,3
phi3.5-mini,page_count,549,3
phi3.5-mini,page_count,550,3
phi3.5-mini,page_count,551,3
phi3.5-mini,page_count,552,3
phi3.5-mini,page_count,553,3
phi3.5-mini,page_count,554,3
phi3.5-mini,page_count,555,3
phi3.5-mini,page_count,556,3
phi3.5-mini,page_count,557,3
phi3.5-mini,page_count,558,3
phi3.5-mini,page_count,559,3
phi3.5-mini,page_count,560,3
phi3.5-mini,page_count,561,3
phi3.5-mini,page_count,562,3
phi3.5-mini,page_count,563,3
phi3.5-mini,page_count,564,3
phi3.5-mini,page_count,565,3
phi3.5-mini,page_count,566,3
phi3.5-mini,page_count,567,3
phi3.5-mini,page_count,568,3
phi3.5-mini,page_count,569,3
phi3.5-mini,page_count,570,3
phi3.5-mini,page_count,571,3
phi3.5-mini,page_count,572,3
phi3.5-mini,page_count,573,3
phi3.5-mini,page_count,574,3
phi3.5-mini,page_count,575,3
phi3.5-mini,page_count,576,3
phi3.5-mini,page_count,577,3
phi3.5-mini,page_count,578,3
phi3.5-mini,page_count,579,3
phi3.5-mini,page_count,580,3
phi3.5-mini,page_count,581,3
phi3.5-mini,page_count,582,3
phi3.5-mini,page_count,583,3
phi3.5-mini,page_count,584,3
phi3.5-mini,page_count,585,3
phi3.5-mini,page_count,586,3
phi3.5-mini,page_count,587,3
phi3.5-mini,page_count,588,3
phi3.5-mini,page_count,589,3
phi3.5-mini,page_count,590,3
phi3.5-mini,page_count,591,3
phi3.5-mini,page_count,592,3
phi3.5-mini,page_count,593,3
phi3.5-mini,page_count,594,3
phi3.5-mini,page_count,595,3
phi3.5-mini,page_count,596,3
phi3.5-mini,page_count,597,3
phi3.5-mini,page_count,598,3
phi3.5-mini,page_count,599,3
phi3.5-mini,page_count,600,3
phi3.5-mini,page_count,601,3
phi3.5-mini,page_count,602,3
phi3.5-mini,page_count,603,3
phi3.5-mini,page_count,604,3
phi3.5-mini,page_count,605,3
phi3.5-mini,page_count,606,3
phi3.5-mini,page_count,607,3
phi3.5-mini,page_count,608,3
phi3.5-mini,page_count,609,3
phi3.5-mini,page_count,610,3
phi3.5-mini,page_count,611,3
phi3.5-mini,page_count,612,3
phi3.5-mini,page_count,613,3
phi3.5-mini,page_count,614,3
phi3.5-mini,page_count,615,3
phi3.5-mini,page_count,616,3
phi3.5-mini,page_count,617,3
phi3.5-mini,page_count,618,3
phi3.5-mini,page_count,619,3
phi3.5-mini,page_count,620,3
phi3.5-mini,page_count,621,3
phi3.5-mini,page_count,622,3
phi3.5-mini,page_count,623,3
phi3.5-mini,page_count,624,3
phi3.5-mini,page_count,625,3
phi3.5-mini,page_count,626,3
phi3.5-mini,page_count,627,3
phi3.5-mini,page_count,628,3
phi3.5-mini,page_count,629,3
phi3.5-mini,page_count,630,3
phi3.5-mini,page_count,631,3
phi3.5-mini,page_count,632,3
phi3.5-mini,page_count,633,3
phi3.5-mini,page_count,634,3
phi3.5-mini,page_count,635,3
phi3.5-mini,page_count,636,3
phi3.5-mini,page_count,637,3
phi3.5-mini,page_count,638,3
phi3.5-mini,page_count,639,3
phi3.5-mini,page_count,640,3
phi3.5-mini,page_count,641,3
phi3.5-mini,page_count,642,3
phi3.5-mini,page_count,643,3
phi3.5-mini,page_count,644,3
phi3.5-mini,page_count,645,3
phi3.5-mini,page_count,646,3
phi3.5-mini,page_count,647,3
phi3.5-mini,page_count,648,3
phi3.5-mini,page_count,649,3
phi3.5-mini,page_count,650,3
phi3.5-mini,page_count,651,3
phi3.5-mini,page_count,652,3
phi3.5-mini,page_count,653,3
phi3.5-mini,page_count,654,3
phi3.5-mini,page_count,655,3
phi3.5-mini,page_count,656,3
phi3.5-mini,page_count,657,3
phi3.5-mini,page_count,658,3
phi3.5-mini,page_count,659,3
phi3.5-mini,page_count,660,3
phi3.5-mini,page_count,661,3
phi3.5-mini,page_count,662,3
phi3.5-mini,page_count,663,3
phi3.5-mini,page_count,664,3
phi3.5-mini,page_count,665,3
phi3.5-mini,page_count,666,3
phi3.5-mini,page_count,667,3
phi3.5-mini,page_count,668,3
phi3.5-mini,page_count,669,3
phi3.5-mini,page_count,670,3
phi3.5-mini,page_count,671,3
phi3.5-mini,page_count,672,3
phi3.5-mini,page_count,673,3
phi3.5-mini,page_count,674,3
phi3.5-mini,page_count,675,3
phi3.5-mini,page_count,676,3
phi3.5-mini,page_count,677,3
phi3.5-mini,page_count,678,3
phi3.5-mini,page_count,679,3
phi3.5-mini,page_count,680,3
phi3.5-mini,page_count,681,3
phi3.5-mini,page_count,682,3
phi3.5-mini,page_count,683,3
phi3.5-mini,page_count,684,3
phi3.5-mini,page_count,685,3
phi3.5-mini,page_count,686,3
phi3.5-mini,page_count,687,3
phi3.5-mini,page_count,688,3
phi3.5-mini,page_count,689,3
phi3.5-mini,page_count,690,3
phi3.5-mini,page_count,691,3
phi3.5-mini,page_count,692,3
phi3.5-mini,page_count,693,3
phi3.5-mini,page_count,694,3
phi3.5-mini,page_count,695,3
phi3.5-mini,page_count,696,3
phi3.5-mini,page_count,697,3
phi3.5-mini,page_count,698,3
phi3.5-mini,page_count,699,3
phi3.5-mini,page_count,700,3
phi3.5-mini,page_count,701,3
phi3.5-mini,page_count,702,3
phi3.5-mini,page_count,703,3
phi3.5-mini,page_count,704,3
phi3.5-mini,page_count,705,3
phi3.5-mini,page_count,706,3
phi3.5-mini,page_count,707,3
phi3.5-mini,page_count,708,3
phi3.5-mini,page_count,709,3
phi3.5-mini,page_count,710,3
phi3.5-mini,page_count,711,3
phi3.5-mini,page_count,712,3
phi3.5-mini,page_count,713,3
phi3.5-mini,page_count,714,3
phi3.5-mini,page_count,715,3
phi3.5-mini,page_count,716,3
phi3.5-mini,page_count,717,3
phi3.5-mini,page_count,718,3
phi3.5-mini,page_count,719,3
phi3.5-mini,page_count,720,3
phi3.5-mini,page_count,721,3
phi3.5-mini,page_count,722,3
phi3.5-mini,page_count,723,3
phi3.5-mini,page_count,724,3
phi3.5-mini,page_count,725,3
phi3.5-mini,page_count,726,3
phi3.5-mini,page_count,727,3
phi3.5-mini,page_count,728,3
phi3.5-mini,page_count,729,3
phi3.5-mini,page_count,730,3
phi3.5-mini,page_count,731,3
phi3.5-mini,page_count,732,3
phi3.5-mini,page_count,733,3
phi3.5-mini,page_count,734,3
phi3.5-mini,page_count,735,3
phi3.5-mini,page_count,736,3
phi3.5-mini,page_count,737,3
phi3.5-mini,page_count,738,3
phi3.5-mini,page_count,739,3
phi3.5-mini,page_count,740,3
phi3.5-mini,page_count,741,3
phi3.5-mini,page_count,742,3
phi3.5-mini,page_count,743,3
phi3.5-mini,page_count,744,3
phi3.5-mini,page_count,745,3
phi3.5-mini,page_count,746,3
phi3.5-mini,page_count,747,3
phi3.5-mini,page_count,748,3
phi3.5-mini,page_count,749,3
phi3.5-mini,page_count,750,3
phi3.5-mini,page_count,751,3
phi3.5-mini,page_count,752,3
phi3.5-mini,page_count,753,3
phi3.5-mini,page_count,754,3
phi3.5-mini,page_count,755,3
phi3.5-mini,page_count,756,3
phi3.5-mini,page_count,757,3
phi3.5-mini,page_count,758,3
phi3.5-mini,page_count,759,3
phi3.5-mini,page_count,760,3
phi3.5-mini,page_count,761,3
phi3.5-mini,page_count,762,3
phi3.5-mini,page_count,763,3
phi3.5-mini,page_count,764,3
phi3.5-mini,page_count,765,3
phi3.5-mini,page_count,766,3
phi3.5-mini,page_count,767,3
phi3.5-mini,page_count,768,3
phi3.5-mini,page_count,769,3
phi3.5-mini,page_count,770,3
phi3.5-mini,page_count,771,3
phi3.5-mini,page_count,772,3
phi3.5-mini,page_count,773,3
phi3.5-mini,page_count,774,3
phi3.5-mini,page_count,775,3
phi3.5-mini,page_count,776,3
phi3.5-mini,page_count,777,3
phi3.5-mini,page_count,778,3
phi3.5-mini,page_count,779,3
phi3.5-mini,page_count,780,3
phi3.5-mini,page_count,781,3
phi3.5-mini,page_count,782,3
phi3.5-mini,page_count,783,3
phi3.5-mini,page_count,784,3
phi3.5-mini,page_count,785,3
phi3.5-mini,page_count,786,3
phi3.5-mini,page_count,787,3
phi3.5-mini,page_count,788,3
phi3.5-mini,page_count,789,3
phi3.5-mini,page_count,790,3
phi3.5-mini,page_count,791,3
phi3.5-mini,page_count,792,3
phi3.5-mini,page_count,793,3
phi3.5-mini,page_count,794,3
phi3.5-mini,page_count,795,3
phi3.5-mini,page_count,796,3
phi3.5-mini,page_count,797,3
phi3.5-mini,page_count,798,3
phi3.5-mini,page_count,799,3
phi3.5-mini,page_count,800,3
phi3.5-mini,page_count,801,3
phi3.5-mini,page_count,802,3
phi3.5-mini,page_count,803,3
phi3.5-mini,page_count,804,3
phi3.5-mini,page_count,805,3
phi3.5-mini,page_count,806,3
phi3.5-mini,page_count,807,3
phi3.5-mini,page_count,808,3
phi3.5-mini,page_count,809,3
phi3.5-mini,page_count,810,3
phi3.5-mini,page_count,811,3
phi3.5-mini,page_count,812,3
phi3.5-mini,page_count,813,3
phi3.5-mini,page_count,814,3
phi3.5-mini,page_count,815,3
phi3.5-mini,page_count,816,3
phi3.5-mini,page_count,817,3
phi3.5-mini,page_count,818,3
phi3.5-mini,page_count,819,3
phi3.5-mini,page_count,820,3
phi3.5-mini,page_count,821,3
phi3.5-mini,page_count,822,3
phi3.5-mini,page_count,823,3
phi3.5-mini,page_count,824,3
phi3.5-mini,page_count,825,3
phi3.5-mini,page_count,826,3
phi3.5-mini,page_count,827,3
phi3.5-mini,page_count,828,3
phi3.5-mini,page_count,829,3
phi3.5-mini,page_count,830,3
phi3.5-mini,page_count,831,3
phi3.5-mini,page_count,832,3
phi3.5-mini,page_count,833,3
phi3.5-mini,page_count,834,3
phi3.5-mini,page_count,835,3
phi3.5-mini,page_count,836,3
phi3.5-mini,page_count,837,3
phi3.5-mini,page_count,838,3
phi3.5-mini,page_count,839,3
phi3.5-mini,page_count,840,3
phi3.5-mini,page_count,841,3
phi3.5-mini,page_count,842,3
phi3.5-mini,page_count,843,3
phi3.5-mini,page_count,844,3
phi3.5-mini,page_count,845,3
phi3.5-mini,page_count,846,3
phi3.5-mini,page_count,847,3
phi3.5-mini,page_count,848,3
phi3.5-mini,page_count,849,3
phi3.5-mini,page_count,850,3
phi3.5-mini,page_count,851,3
phi3.5-mini,page_count,852,3
phi3.5-mini,page_count,853,3
phi3.5-mini,page_count,854,3
phi3.5-mini,page_count,855,3
phi3.5-mini,page_count,856,3
phi3.5-mini,page_count,857,3
phi3.5-mini,page_count,858,3
phi3.5-mini,page_count,859,3
phi3.5-mini,page_count,860,3
phi3.5-mini,page_count,861,3
phi3.5-mini,page_count,862,3
phi3.5-mini,page_count,863,3
phi3.5-mini,page_count,864,3
phi3.5-mini,page_count,865,3
phi3.5-mini,page_count,866,3
phi3.5-mini,page_count,867,3
phi3.5-mini,page_count,868,3
phi3.5-mini,page_count,869,3
phi3.5-mini,page_count,870,3
phi3.5-mini,page_count,871,3
phi3.5-mini,page_count,872,3
phi3.5-mini,page_count,873,3
phi3.5-mini,page_count,874,3
phi3.5-mini,page_count,875,3
phi3.5-mini,page_count,876,3
phi3.5-mini,page_count,877,3
phi3.5-mini,page_count,878,3
phi3.5-mini,page_count,879,3
phi3.5-mini,page_count,880,3
phi3.5-mini,page_count,881,3
phi3.5-mini,page_count,882,3
phi3.5-mini,page_count,883,3
phi3.5-mini,page_count,884,3
phi3.5-mini,page_count,885,3
phi3.5-mini,page_count,886,3
phi3.5-mini,page_count,887,3
phi3.5-mini,page_count,888,3
phi3.5-mini,page_count,889,3
phi3.5-mini,page_count,890,3
phi3.5-mini,page_count,891,3
phi3.5-mini,page_count,892,3
phi3.5-mini,page_count,893,3
phi3.5-mini,page_count,894,3
phi3.5-mini,page_count,895,3
phi3.5-mini,page_count,896,3
phi3.5-mini,page_count,897,3
phi3.5-mini,page_count,898,3
phi3.5-mini,page_count,899,3
phi3.5-mini,page_count,900,3
phi3.5-mini,page_count,901,3
phi3.5-mini,page_count,902,3
phi3.5-mini,page_count,903,3
phi3.5-mini,page_count,904,3
phi3.5-mini,page_count,905,3
phi3.5-mini,page_count,906,3
phi3.5-mini,page_count,907,3
phi3.5-mini,page_count,908,3
phi3.5-mini,page_count,909,3
phi3.5-mini,page_count,910,3
phi3.5-mini,page_count,911,3
phi3.5-mini,page_count,912,3
phi3.5-mini,page_count,913,3
phi3.5-mini,page_count,914,3
phi3.5-mini,page_count,915,3
phi3.5-mini,page_count,916,3
phi3.5-mini,page_count,917,3
phi3.5-mini,page_count,918,3
phi3.5-mini,page_count,919,3
phi3.5-mini,page_count,920,3
phi3.5-mini,page_count,921,3
phi3.5-mini,page_count,922,3
phi3.5-mini,page_count,923,3
phi3.5-mini,page_count,924,3
phi3.5-mini,page_count,925,3
phi3.5-mini,page_count,926,3
phi3.5-mini,page_count,927,3
phi3.5-mini,page_count,928,3
phi3.5-mini,page_count,929,3
phi3.5-mini,page_count,930,3
phi3.5-mini,page_count,931,3
phi3.5-mini,page_count,932,3
phi3.5-mini,page_count,933,3
phi3.5-mini,page_count,934,3
phi3.5-mini,page_count,935,3
phi3.5-mini,page_count,936,3
phi3.5-mini,page_count,937,3
phi3.5-mini,page_count,938,3
phi3.5-mini,page_count,939,3
phi3.5-mini,page_count,940,3
phi3.5-mini,page_count,941,3
phi3.5-mini,page_count,942,3
phi3.5-mini,page_count,943,3
phi3.5-mini,page_count,944,3
phi3.5-mini,page_count,945,3
phi3.5-mini,page_count,946,3
phi3.5-mini,page_count,947,3
phi3.5-mini,page_count,948,3
phi3.5-mini,page_count,949,3
phi3.5-mini,page_count,950,3
phi3.5-mini,page_count,951,3
phi3.5-mini,page_count,952,3
phi3.5-mini,page_count,953,3
phi3.5-mini,page_count,954,3
phi3.5-mini,page_count,955,3
phi3.5-mini,page_count,956,3
phi3.5-mini,page_count,957,3
phi3.5-mini,page_count,958,3
phi3.5-mini,page_count,959,3
phi3.5-mini,page_count,960,3
phi3.5-mini,page_count,961,3
phi3.5-mini,page_count,962,3
phi3.5-mini,page_count,963,3
phi3.5-mini,page_count,964,3
phi3.5-mini,page_count,965,3
phi3.5-mini,page_count,966,3
phi3.5-mini,page_count,967,3
phi3.5-mini,page_count,968,3
phi3.5-mini,page_count,969,3
phi3.5-mini,page_count,970,3
phi3.5-mini,page_count,971,3
phi3.5-mini,page_count,972,3
phi3.5-mini,page_count,973,3
phi3.5-mini,page_count,974,3
phi3.5-mini,page_count,975,3
phi3.5-mini,page_count,976,3
phi3.5-mini,page_count,977,3
phi3.5-mini,page_count,978,3
phi3.5-mini,page_count,979,3
phi3.5-mini,page_count,980,3
phi3.5-mini,page_count,981,3
phi3.5-mini,page_count,982,3
phi3.5-mini,page_count,983,3
phi3.5-mini,page_count,984,3
phi3.5-mini,page_count,985,3
phi3.5-mini,page_count,986,3
phi3.5-mini,page_count,987,3
phi3.5-mini,page_count,988,3
phi3.5-mini,page_count,989,3
phi3.5-mini,page_count,990,3
phi3.5-mini,page_count,991,3
phi3.5-mini,page_count,992,3
phi3.5-mini,page_count,993,3
phi3.5-mini,page_count,994,3
phi3.5-mini,page_count,995,3
phi3.5-mini,page_count,996,3
phi3.5-mini,page_count,997,3
phi3.5-mini,page_count,998,3
